gravedad,claseSiniestro,choque,codigoLocalidad,disenoLugar,condicion,estado,edad,sexo,claseVehiculo,servicio,enfuga,codigoCausa,fechaHora
2,1,1.0,11,11,2.0,1.0,36.0,1.0,10.0,3.0,1.0,8,2020-05-07 15:30:00
3,1,1.0,9,1,1.0,1.0,24.0,2.0,2.0,2.0,1.0,13,2020-04-12 19:10:00
3,1,1.0,9,5,1.0,1.0,25.0,1.0,5.0,3.0,1.0,13,2017-05-31 18:00:00
3,1,1.0,10,1,1.0,1.0,19.0,1.0,5.0,2.0,1.0,31,2020-04-27 15:00:00
3,1,1.0,10,2,1.0,1.0,39.0,2.0,1.0,3.0,1.0,67,2015-06-17 07:00:00
2,1,1.0,9,2,1.0,1.0,21.0,1.0,1.0,2.0,1.0,22,2020-01-19 02:47:00
3,1,1.0,8,1,1.0,1.0,38.0,1.0,1.0,1.0,1.0,13,2016-12-14 06:45:00
3,1,1.0,18,2,1.0,1.0,22.0,1.0,1.0,3.0,1.0,13,2020-01-09 18:50:00
2,1,1.0,8,1,1.0,2.0,40.0,1.0,4.0,3.0,1.0,31,2017-08-05 23:20:00
3,1,1.0,10,1,1.0,1.0,44.0,1.0,1.0,2.0,1.0,31,2017-08-03 15:20:00
3,1,1.0,10,1,1.0,1.0,21.0,1.0,5.0,2.0,1.0,13,2017-06-12 10:22:00
3,1,1.0,4,2,1.0,1.0,66.0,1.0,1.0,3.0,1.0,25,2015-12-22 19:30:00
2,2,0.0,9,1,1.0,1.0,37.71525130603967,0.0,0.0,0.0,2.0,67,2019-09-14 05:30:00
2,1,1.0,9,1,2.0,1.0,37.0,1.0,13.0,0.0,1.0,8,2018-04-04 02:30:00
3,1,1.0,1,1,1.0,1.0,51.0,2.0,4.0,3.0,1.0,16,2018-03-05 07:20:00
2,1,1.0,19,1,2.0,2.0,29.0,1.0,2.0,2.0,1.0,14,2015-12-23 03:00:00
3,1,1.0,8,1,1.0,1.0,38.0,1.0,1.0,2.0,1.0,13,2016-12-14 06:45:00
3,1,1.0,11,1,1.0,1.0,29.0,1.0,1.0,3.0,1.0,31,2018-05-10 16:40:00
3,1,1.0,10,2,1.0,1.0,49.0,1.0,5.0,1.0,1.0,52,2020-01-15 16:15:00
3,1,1.0,16,1,1.0,1.0,42.0,1.0,1.0,3.0,1.0,44,2017-02-15 09:30:00
3,1,1.0,2,1,1.0,1.0,54.0,1.0,6.0,3.0,1.0,53,2015-09-30 15:00:00
3,1,1.0,8,1,2.0,1.0,33.0,1.0,10.0,3.0,1.0,13,2018-04-09 08:00:00
3,1,1.0,7,1,1.0,1.0,53.0,1.0,1.0,3.0,1.0,13,2015-08-14 19:30:00
3,1,1.0,1,1,2.0,1.0,21.0,1.0,10.0,3.0,1.0,13,2017-06-22 16:35:00
3,1,1.0,14,1,1.0,1.0,35.0,1.0,1.0,2.0,1.0,33,2018-10-21 19:50:00
3,1,1.0,16,1,1.0,1.0,36.0,1.0,1.0,3.0,1.0,22,2018-10-11 13:00:00
3,1,1.0,12,1,1.0,1.0,32.0,2.0,1.0,3.0,1.0,13,2016-07-21 10:32:00
2,1,1.0,7,1,1.0,1.0,28.0,1.0,10.0,3.0,1.0,31,2020-12-17 05:05:00
2,1,1.0,16,1,2.0,2.0,45.0,1.0,10.0,3.0,1.0,14,2017-11-30 19:40:00
3,1,1.0,10,2,1.0,1.0,44.0,1.0,1.0,3.0,1.0,31,2019-05-30 02:40:00
3,1,1.0,4,2,1.0,1.0,22.0,1.0,9.0,3.0,1.0,22,2020-08-24 13:55:00
2,1,1.0,12,1,3.0,2.0,36.0,2.0,3.0,2.0,1.0,22,2015-06-22 05:30:00
3,1,1.0,12,1,1.0,1.0,25.0,1.0,5.0,3.0,1.0,55,2017-08-28 10:30:00
2,1,1.0,5,1,5.0,2.0,20.0,1.0,13.0,0.0,1.0,31,2017-06-11 10:15:00
2,2,0.0,10,1,2.0,1.0,26.0,1.0,10.0,3.0,1.0,67,2019-03-07 15:00:00
2,3,0.0,8,1,1.0,1.0,44.0,1.0,2.0,2.0,1.0,108,2018-10-18 19:00:00
3,1,1.0,14,1,1.0,1.0,29.0,1.0,1.0,2.0,1.0,31,2015-12-13 12:20:00
2,2,0.0,11,1,4.0,2.0,28.0,1.0,10.0,3.0,1.0,101,2016-08-28 03:10:00
3,1,1.0,2,1,1.0,1.0,33.0,1.0,1.0,3.0,1.0,31,2016-10-06 12:20:00
2,1,1.0,5,1,1.0,1.0,55.0,1.0,10.0,3.0,1.0,67,2020-04-17 11:10:00
2,1,1.0,8,1,1.0,2.0,26.0,1.0,5.0,3.0,1.0,85,2017-12-12 10:00:00
3,1,4.0,13,10,1.0,1.0,37.71525130603967,0.0,4.0,2.0,1.0,67,2019-03-11 20:58:00
2,1,1.0,8,2,5.0,2.0,35.0,1.0,13.0,0.0,1.0,33,2018-01-12 13:10:00
3,1,1.0,12,1,1.0,1.0,23.0,2.0,6.0,3.0,1.0,67,2017-11-11 09:30:00
3,1,1.0,12,1,1.0,1.0,46.0,1.0,4.0,2.0,1.0,31,2017-06-16 06:40:00
3,1,1.0,2,10,1.0,1.0,43.0,1.0,1.0,3.0,1.0,31,2017-10-06 12:20:00
3,1,1.0,11,2,1.0,1.0,38.0,1.0,1.0,3.0,1.0,22,2017-02-03 18:20:00
2,1,1.0,9,1,2.0,2.0,52.0,1.0,1.0,3.0,1.0,13,2018-10-14 16:20:00
2,2,0.0,8,1,4.0,2.0,72.0,1.0,10.0,3.0,1.0,100,2015-05-27 16:42:00
3,1,1.0,1,1,1.0,1.0,29.0,1.0,1.0,3.0,1.0,9,2020-12-06 11:13:00
2,2,0.0,16,2,4.0,2.0,43.0,1.0,2.0,2.0,1.0,102,2018-04-09 15:50:00
2,2,0.0,11,1,2.0,1.0,23.0,1.0,10.0,3.0,1.0,100,2016-09-13 12:00:00
3,1,1.0,7,1,1.0,1.0,34.0,1.0,1.0,3.0,1.0,13,2017-01-20 10:50:00
2,2,0.0,19,1,5.0,1.0,55.0,1.0,13.0,0.0,1.0,67,2019-06-29 09:00:00
3,1,1.0,8,1,1.0,1.0,32.0,1.0,1.0,3.0,1.0,31,2015-07-27 20:35:00
3,1,1.0,16,1,1.0,1.0,31.0,2.0,1.0,3.0,1.0,13,2017-12-06 11:45:00
3,1,4.0,12,1,1.0,1.0,26.0,1.0,4.0,2.0,1.0,51,2018-09-21 13:40:00
3,1,1.0,5,1,1.0,1.0,44.0,1.0,2.0,2.0,1.0,67,2018-03-14 12:10:00
3,1,1.0,16,1,2.0,1.0,21.0,1.0,4.0,2.0,1.0,13,2019-02-19 20:25:00
3,1,1.0,8,1,1.0,1.0,51.0,1.0,8.0,2.0,1.0,13,2019-10-18 06:37:00
2,1,1.0,19,1,3.0,2.0,5.0,2.0,1.0,3.0,1.0,13,2020-03-18 10:13:00
2,1,1.0,19,1,3.0,2.0,5.0,2.0,10.0,3.0,1.0,49,2017-04-24 12:50:00
3,1,1.0,12,1,1.0,1.0,31.0,1.0,2.0,2.0,1.0,67,2016-08-30 15:15:00
2,1,1.0,13,2,3.0,2.0,33.0,1.0,1.0,3.0,1.0,67,2015-05-17 06:00:00
3,1,1.0,3,2,1.0,1.0,31.0,1.0,1.0,2.0,1.0,67,2016-10-29 20:15:00
3,1,1.0,4,2,1.0,1.0,36.0,1.0,10.0,3.0,1.0,22,2016-07-20 16:45:00
3,1,1.0,3,2,2.0,1.0,41.0,1.0,10.0,3.0,1.0,67,2017-04-24 05:20:00
3,1,1.0,11,1,1.0,1.0,58.0,1.0,1.0,3.0,1.0,31,2015-03-23 11:00:00
2,1,1.0,1,1,2.0,2.0,22.0,1.0,10.0,3.0,1.0,42,2019-06-19 08:38:00
3,1,1.0,1,1,1.0,1.0,19.0,2.0,1.0,3.0,1.0,31,2017-11-02 16:00:00
3,1,1.0,11,1,1.0,1.0,45.0,1.0,2.0,2.0,1.0,67,2019-02-13 19:10:00
2,1,1.0,14,1,1.0,1.0,50.0,1.0,10.0,3.0,1.0,33,2016-12-10 17:39:00
3,1,1.0,19,1,1.0,1.0,30.0,2.0,1.0,3.0,1.0,13,2016-11-17 13:30:00
3,1,1.0,7,1,1.0,1.0,28.0,1.0,2.0,2.0,1.0,13,2016-06-17 19:25:00
3,1,1.0,13,1,1.0,1.0,27.0,1.0,1.0,3.0,1.0,13,2017-05-15 13:30:00
2,1,1.0,17,1,4.0,2.0,48.0,2.0,10.0,3.0,1.0,100,2017-12-15 05:00:00
3,1,1.0,4,2,1.0,1.0,31.0,1.0,1.0,2.0,1.0,67,2020-05-15 21:10:00
3,1,1.0,11,1,2.0,1.0,19.0,1.0,10.0,3.0,1.0,31,2018-07-31 07:30:00
2,1,1.0,4,1,2.0,2.0,23.0,2.0,1.0,3.0,1.0,15,2019-07-26 18:45:00
3,1,1.0,9,2,1.0,1.0,44.0,1.0,1.0,3.0,1.0,22,2016-05-10 11:40:00
3,1,1.0,13,7,1.0,1.0,45.0,1.0,5.0,3.0,1.0,31,2017-06-03 15:00:00
3,1,1.0,3,1,1.0,1.0,39.0,1.0,1.0,2.0,1.0,31,2017-05-27 13:40:00
1,2,0.0,18,1,4.0,3.0,37.71525130603967,0.0,10.0,3.0,1.0,100,2019-04-09 16:25:00
3,1,1.0,17,1,1.0,1.0,25.0,1.0,5.0,3.0,1.0,87,2015-07-18 22:00:00
2,1,1.0,10,1,3.0,2.0,29.0,2.0,5.0,3.0,1.0,31,2017-05-06 12:50:00
3,1,1.0,16,1,1.0,1.0,58.0,1.0,5.0,3.0,1.0,13,2016-12-20 08:50:00
2,1,1.0,9,2,2.0,2.0,24.0,1.0,10.0,3.0,1.0,26,2018-12-26 19:06:00
2,1,1.0,6,1,5.0,2.0,46.0,1.0,13.0,0.0,1.0,24,2019-12-21 12:10:00
1,1,1.0,7,1,3.0,2.0,41.0,2.0,2.0,2.0,1.0,26,2018-08-10 05:45:00
3,1,1.0,9,2,1.0,1.0,30.0,1.0,1.0,3.0,1.0,13,2017-07-10 18:30:00
3,1,1.0,9,1,1.0,1.0,39.0,1.0,2.0,2.0,1.0,13,2018-08-17 16:30:00
3,1,1.0,13,1,2.0,1.0,25.0,1.0,1.0,3.0,1.0,31,2019-03-18 17:15:00
3,1,1.0,13,1,1.0,1.0,34.0,1.0,1.0,3.0,1.0,13,2015-12-28 16:12:00
2,2,0.0,2,2,4.0,2.0,26.0,2.0,1.0,3.0,1.0,33,2020-04-02 09:00:00
3,1,1.0,10,1,1.0,1.0,31.0,1.0,10.0,3.0,1.0,9,2017-08-03 09:30:00
3,1,1.0,6,1,1.0,1.0,33.0,1.0,2.0,2.0,1.0,31,2015-08-03 18:10:00
2,1,1.0,10,2,5.0,2.0,17.0,1.0,10.0,1.0,1.0,42,2015-03-03 11:50:00
2,1,1.0,13,1,3.0,2.0,8.0,1.0,1.0,3.0,1.0,31,2018-03-15 06:30:00
3,1,1.0,9,1,1.0,1.0,30.0,1.0,7.0,2.0,1.0,67,2015-01-20 14:15:00
3,1,1.0,8,1,1.0,1.0,28.0,1.0,1.0,3.0,1.0,22,2019-06-07 21:33:00
3,1,1.0,9,1,1.0,1.0,54.0,2.0,2.0,2.0,1.0,13,2017-07-17 07:40:00
3,1,1.0,10,1,1.0,1.0,44.0,1.0,2.0,2.0,1.0,13,2016-05-25 14:00:00
2,1,1.0,2,1,1.0,1.0,30.0,1.0,2.0,2.0,1.0,31,2015-06-18 10:30:00
3,1,1.0,1,1,1.0,1.0,37.0,1.0,6.0,3.0,1.0,31,2016-01-22 15:00:00
2,1,1.0,2,2,1.0,1.0,57.0,1.0,10.0,3.0,1.0,22,2019-11-02 11:01:00
2,1,1.0,14,2,1.0,1.0,54.0,1.0,10.0,3.0,1.0,22,2017-08-30 06:45:00
3,1,1.0,10,2,1.0,1.0,50.0,1.0,5.0,2.0,1.0,31,2016-09-09 07:30:00
3,1,1.0,8,2,1.0,1.0,36.0,1.0,1.0,2.0,1.0,22,2016-11-17 05:40:00
3,1,1.0,19,1,1.0,1.0,39.0,1.0,1.0,3.0,1.0,16,2017-05-03 13:50:00
3,1,1.0,1,2,1.0,1.0,31.0,2.0,1.0,3.0,1.0,42,2019-03-16 09:05:00
2,1,1.0,8,1,3.0,2.0,56.0,1.0,1.0,3.0,1.0,12,2016-06-29 19:00:00
3,1,1.0,14,2,1.0,1.0,37.0,1.0,6.0,3.0,1.0,32,2017-08-29 21:30:00
3,1,1.0,9,1,1.0,1.0,31.0,1.0,7.0,2.0,1.0,31,2016-01-12 17:30:00
3,1,1.0,19,2,2.0,1.0,34.0,1.0,10.0,3.0,1.0,13,2016-08-04 13:00:00
2,1,1.0,10,1,5.0,2.0,78.0,1.0,13.0,0.0,1.0,42,2015-06-29 11:55:00
3,1,1.0,16,2,1.0,1.0,18.0,1.0,4.0,3.0,1.0,13,2015-05-06 11:50:00
2,1,1.0,1,1,1.0,1.0,58.0,1.0,10.0,3.0,1.0,67,2020-07-30 10:25:00
3,1,1.0,3,2,1.0,1.0,42.0,1.0,10.0,3.0,1.0,13,2017-10-04 08:10:00
3,1,1.0,9,1,1.0,1.0,24.0,1.0,1.0,3.0,1.0,13,2019-11-09 21:15:00
2,2,0.0,11,1,4.0,2.0,73.0,1.0,10.0,3.0,1.0,100,2015-11-29 18:50:00
3,1,1.0,11,1,2.0,1.0,37.0,1.0,10.0,3.0,1.0,31,2018-01-31 22:40:00
3,1,1.0,12,1,1.0,1.0,27.0,1.0,1.0,3.0,1.0,49,2017-03-25 22:15:00
3,1,1.0,16,1,1.0,1.0,22.0,1.0,2.0,2.0,1.0,31,2016-12-21 10:30:00
3,1,1.0,1,2,1.0,1.0,55.0,1.0,1.0,3.0,1.0,42,2017-03-31 07:20:00
2,1,4.0,10,1,2.0,2.0,27.0,1.0,10.0,3.0,1.0,89,2020-09-16 23:25:00
2,1,1.0,16,1,2.0,2.0,23.0,1.0,10.0,3.0,1.0,67,2019-11-01 17:00:00
3,1,1.0,16,1,1.0,1.0,26.0,1.0,1.0,3.0,1.0,31,2020-03-07 17:30:00
3,1,1.0,9,8,1.0,1.0,42.0,1.0,1.0,3.0,1.0,67,2020-02-07 18:30:00
2,2,0.0,1,1,2.0,2.0,19.0,1.0,10.0,3.0,1.0,100,2019-07-15 12:25:00
3,1,1.0,8,1,1.0,1.0,41.0,1.0,4.0,3.0,1.0,31,2017-03-16 20:30:00
3,1,1.0,10,1,1.0,1.0,57.0,1.0,3.0,2.0,1.0,31,2018-07-14 15:50:00
3,1,1.0,14,2,1.0,1.0,33.0,1.0,5.0,2.0,1.0,31,2016-12-17 13:45:00
2,1,1.0,11,1,1.0,1.0,42.0,1.0,4.0,2.0,1.0,22,2018-06-16 22:10:00
3,1,1.0,3,1,1.0,1.0,54.0,1.0,3.0,2.0,1.0,67,2017-12-13 07:40:00
3,1,1.0,8,1,1.0,1.0,60.0,1.0,1.0,3.0,1.0,16,2017-02-08 19:18:00
2,1,1.0,12,1,3.0,2.0,24.0,2.0,10.0,3.0,1.0,9,2019-05-22 07:33:00
3,1,1.0,11,1,1.0,1.0,29.0,1.0,5.0,3.0,1.0,89,2018-03-02 19:00:00
2,1,1.0,3,1,1.0,1.0,20.0,1.0,10.0,3.0,1.0,31,2017-10-27 07:00:00
2,1,1.0,1,2,1.0,1.0,22.0,1.0,1.0,2.0,1.0,22,2020-06-02 10:30:00
3,1,1.0,10,1,1.0,1.0,50.0,2.0,5.0,2.0,1.0,31,2020-03-14 09:07:00
2,4,0.0,18,1,3.0,2.0,25.0,2.0,2.0,2.0,1.0,29,2016-08-25 14:00:00
2,1,1.0,13,1,1.0,1.0,20.0,1.0,10.0,1.0,1.0,13,2019-04-28 16:00:00
3,1,1.0,1,1,1.0,1.0,38.0,1.0,2.0,2.0,1.0,42,2016-12-15 06:10:00
3,1,1.0,8,4,1.0,1.0,39.0,1.0,10.0,3.0,1.0,31,2019-02-08 05:20:00
3,1,1.0,11,1,1.0,1.0,61.0,1.0,10.0,3.0,1.0,31,2018-11-30 14:55:00
2,2,0.0,10,1,4.0,2.0,17.0,1.0,5.0,1.0,1.0,102,2017-03-16 17:00:00
3,1,1.0,9,1,1.0,1.0,33.0,1.0,5.0,3.0,1.0,31,2017-11-30 11:30:00
3,1,1.0,10,1,1.0,1.0,47.0,1.0,1.0,2.0,1.0,31,2017-03-04 14:50:00
3,1,1.0,18,1,1.0,1.0,61.0,1.0,1.0,3.0,1.0,31,2017-10-27 17:00:00
3,1,1.0,4,2,1.0,1.0,26.0,1.0,1.0,3.0,1.0,22,2017-02-06 20:10:00
3,1,1.0,8,1,1.0,1.0,47.0,1.0,3.0,2.0,1.0,25,2019-12-26 15:20:00
3,1,1.0,19,1,2.0,1.0,22.0,2.0,1.0,3.0,1.0,31,2019-07-27 08:11:00
3,1,1.0,16,1,1.0,1.0,24.0,1.0,2.0,3.0,1.0,13,2016-09-23 08:30:00
3,1,1.0,16,1,1.0,1.0,49.0,1.0,7.0,2.0,1.0,67,2020-05-27 16:05:00
3,1,1.0,1,1,1.0,1.0,36.0,0.0,4.0,2.0,1.0,13,2016-05-12 12:00:00
3,1,1.0,9,1,1.0,1.0,59.0,1.0,4.0,2.0,1.0,33,2018-02-14 09:15:00
2,1,1.0,16,1,1.0,1.0,40.0,1.0,10.0,3.0,1.0,38,2016-01-06 20:00:00
3,1,1.0,3,1,1.0,1.0,29.0,1.0,6.0,3.0,1.0,31,2019-02-07 16:15:00
3,1,1.0,18,2,1.0,1.0,24.0,1.0,2.0,2.0,1.0,52,2019-05-14 23:07:00
3,1,1.0,6,1,1.0,1.0,29.0,1.0,1.0,2.0,1.0,55,2015-06-09 02:30:00
3,1,1.0,7,1,1.0,1.0,26.0,1.0,5.0,3.0,1.0,13,2018-09-25 20:15:00
3,1,1.0,8,2,1.0,1.0,35.0,1.0,1.0,2.0,1.0,22,2018-08-20 10:49:00
1,1,1.0,19,1,3.0,2.0,50.0,1.0,2.0,2.0,1.0,67,2015-02-10 08:00:00
1,2,0.0,8,1,2.0,2.0,32.0,1.0,10.0,3.0,1.0,102,2015-12-18 06:25:00
3,1,1.0,8,1,1.0,1.0,48.0,1.0,5.0,2.0,1.0,67,2016-03-01 20:06:00
3,1,1.0,9,2,1.0,1.0,53.0,1.0,1.0,3.0,1.0,22,2016-05-11 01:43:00
3,1,1.0,12,1,1.0,1.0,46.0,1.0,5.0,2.0,1.0,31,2018-02-26 19:00:00
2,3,0.0,16,1,1.0,2.0,19.0,1.0,1.0,2.0,1.0,20,2018-12-25 09:38:00
2,1,1.0,13,1,1.0,1.0,51.0,1.0,5.0,2.0,1.0,31,2016-01-21 10:00:00
3,1,1.0,14,1,1.0,1.0,22.0,1.0,5.0,2.0,1.0,13,2017-12-15 17:20:00
3,1,1.0,11,1,1.0,1.0,45.0,1.0,1.0,3.0,1.0,42,2019-06-04 13:15:00
3,1,1.0,10,1,1.0,1.0,25.0,1.0,5.0,2.0,1.0,53,2018-07-05 12:06:00
3,1,1.0,11,1,1.0,1.0,34.0,2.0,2.0,2.0,1.0,31,2019-03-13 09:19:00
3,1,1.0,5,1,1.0,1.0,24.0,1.0,1.0,3.0,1.0,31,2018-12-22 19:50:00
3,1,1.0,8,1,1.0,1.0,47.0,1.0,1.0,3.0,1.0,31,2018-10-20 06:40:00
3,1,1.0,13,1,1.0,1.0,21.0,1.0,1.0,3.0,1.0,31,2016-08-06 14:50:00
3,1,1.0,10,1,1.0,1.0,58.0,1.0,1.0,3.0,1.0,42,2020-11-20 19:35:00
2,1,1.0,8,1,3.0,2.0,18.0,1.0,1.0,2.0,1.0,32,2015-03-10 07:10:00
3,1,1.0,18,1,1.0,1.0,48.0,1.0,5.0,3.0,1.0,35,2019-01-13 06:46:00
2,1,1.0,11,1,2.0,2.0,39.0,1.0,10.0,3.0,1.0,13,2015-05-10 07:30:00
3,1,1.0,9,1,1.0,1.0,27.0,1.0,4.0,2.0,1.0,13,2017-10-30 13:20:00
3,1,1.0,2,2,1.0,1.0,58.0,1.0,5.0,3.0,1.0,22,2016-05-15 09:00:00
3,1,1.0,1,1,1.0,1.0,37.0,1.0,6.0,3.0,1.0,31,2016-09-10 10:30:00
3,1,1.0,7,1,1.0,1.0,19.0,1.0,5.0,2.0,1.0,15,2018-08-17 19:10:00
2,1,1.0,10,1,2.0,1.0,25.0,1.0,13.0,0.0,1.0,33,2018-12-31 13:10:00
3,1,1.0,8,1,1.0,1.0,52.0,1.0,5.0,3.0,1.0,31,2016-07-04 17:30:00
3,1,1.0,1,1,1.0,1.0,60.0,2.0,5.0,2.0,1.0,16,2017-11-12 15:45:00
3,1,1.0,7,1,1.0,1.0,59.0,1.0,5.0,2.0,1.0,51,2020-11-21 15:30:00
3,1,1.0,10,1,1.0,1.0,28.0,1.0,2.0,2.0,1.0,31,2016-02-06 06:41:00
3,1,1.0,1,1,1.0,1.0,50.0,1.0,1.0,2.0,1.0,62,2019-02-10 09:50:00
3,1,1.0,12,1,1.0,1.0,59.0,1.0,1.0,3.0,1.0,25,2017-09-12 16:05:00
3,1,1.0,8,5,1.0,1.0,37.0,1.0,4.0,2.0,1.0,44,2017-11-03 15:10:00
3,1,1.0,10,1,1.0,1.0,43.0,1.0,1.0,3.0,1.0,67,2019-10-27 14:05:00
2,1,1.0,12,1,2.0,2.0,43.0,1.0,13.0,0.0,1.0,6,2019-06-05 06:35:00
3,1,1.0,10,2,1.0,1.0,32.0,1.0,4.0,2.0,1.0,55,2017-12-05 23:00:00
3,3,0.0,1,1,1.0,1.0,28.0,1.0,5.0,3.0,1.0,24,2017-11-26 01:30:00
3,1,1.0,9,1,1.0,1.0,27.0,1.0,1.0,2.0,1.0,31,2016-12-30 03:35:00
2,1,1.0,5,1,3.0,2.0,44.0,2.0,5.0,3.0,1.0,69,2016-02-10 16:15:00
3,1,1.0,8,1,1.0,1.0,33.0,1.0,1.0,3.0,1.0,31,2019-05-06 14:00:00
2,1,1.0,11,1,3.0,2.0,7.0,1.0,2.0,2.0,1.0,22,2015-11-13 08:20:00
3,1,1.0,10,1,1.0,1.0,27.0,1.0,6.0,3.0,1.0,22,2016-03-16 17:30:00
2,1,1.0,1,2,5.0,2.0,36.0,1.0,2.0,2.0,1.0,22,2018-02-21 06:17:00
3,1,1.0,11,1,1.0,1.0,25.0,1.0,5.0,3.0,1.0,49,2016-05-23 08:10:00
3,1,1.0,13,10,1.0,1.0,41.0,1.0,1.0,3.0,1.0,55,2019-12-31 12:25:00
3,1,1.0,9,1,1.0,1.0,41.0,1.0,6.0,3.0,1.0,12,2020-04-16 11:02:00
3,1,1.0,15,1,1.0,1.0,47.0,1.0,5.0,3.0,1.0,31,2018-08-01 14:00:00
2,1,1.0,1,1,1.0,1.0,31.0,1.0,4.0,2.0,1.0,31,2016-05-16 16:00:00
3,1,1.0,19,1,1.0,1.0,39.0,2.0,1.0,3.0,1.0,53,2017-12-30 12:30:00
2,2,0.0,11,1,4.0,2.0,25.0,1.0,5.0,3.0,1.0,95,2018-12-05 22:38:00
3,1,1.0,14,4,1.0,1.0,33.0,1.0,9.0,2.0,1.0,31,2017-03-04 16:40:00
3,1,1.0,8,1,1.0,1.0,38.0,1.0,1.0,3.0,1.0,31,2016-08-19 20:10:00
3,1,1.0,6,1,1.0,1.0,42.0,2.0,1.0,3.0,1.0,31,2019-02-14 12:10:00
3,1,1.0,9,1,1.0,1.0,39.0,1.0,1.0,2.0,1.0,31,2020-07-14 09:55:00
2,4,0.0,7,1,1.0,1.0,48.0,1.0,2.0,2.0,1.0,84,2018-10-05 15:00:00
2,1,1.0,19,2,3.0,2.0,60.0,2.0,2.0,2.0,1.0,52,2018-03-08 16:33:00
2,2,0.0,14,2,4.0,2.0,24.0,2.0,5.0,3.0,1.0,61,2017-07-15 11:57:00
3,1,1.0,16,1,1.0,1.0,40.0,1.0,1.0,2.0,1.0,31,2015-05-03 12:10:00
2,2,0.0,14,2,1.0,1.0,60.0,1.0,1.0,2.0,1.0,52,2019-03-15 12:45:00
3,1,1.0,3,1,1.0,1.0,47.0,1.0,10.0,3.0,1.0,31,2019-08-14 07:30:00
3,1,1.0,8,11,1.0,1.0,47.0,1.0,4.0,3.0,1.0,44,2016-02-05 21:30:00
2,1,1.0,10,2,2.0,2.0,22.0,1.0,10.0,3.0,1.0,22,2020-08-30 16:18:00
3,1,1.0,16,1,1.0,1.0,29.0,1.0,5.0,2.0,1.0,13,2015-11-04 05:35:00
3,1,1.0,10,1,1.0,1.0,48.0,1.0,2.0,2.0,1.0,31,2016-07-04 07:00:00
3,1,1.0,15,1,1.0,1.0,55.0,2.0,1.0,3.0,1.0,31,2019-10-27 15:40:00
2,1,1.0,8,1,1.0,1.0,22.0,1.0,10.0,3.0,1.0,9,2016-02-27 12:20:00
3,1,4.0,9,1,1.0,1.0,24.0,1.0,5.0,2.0,1.0,24,2019-08-11 20:30:00
3,1,1.0,9,1,1.0,1.0,36.0,2.0,3.0,2.0,1.0,31,2018-12-03 07:20:00
2,1,1.0,8,1,2.0,2.0,24.0,1.0,10.0,3.0,1.0,29,2015-07-07 06:40:00
3,1,1.0,18,1,1.0,1.0,57.0,1.0,5.0,2.0,1.0,31,2016-12-21 10:30:00
3,1,1.0,8,1,1.0,1.0,39.0,1.0,2.0,2.0,1.0,13,2016-06-12 09:35:00
3,1,1.0,16,1,1.0,1.0,39.0,1.0,1.0,3.0,1.0,13,2016-09-07 12:00:00
3,1,1.0,12,1,1.0,1.0,58.0,1.0,5.0,3.0,1.0,31,2015-05-06 19:40:00
3,1,1.0,12,1,1.0,1.0,66.0,1.0,6.0,3.0,1.0,13,2019-04-15 18:00:00
2,1,1.0,10,2,3.0,2.0,27.0,1.0,1.0,3.0,1.0,52,2016-04-15 03:15:00
3,1,1.0,14,2,1.0,1.0,31.0,1.0,2.0,2.0,1.0,31,2016-10-12 13:10:00
3,1,1.0,1,1,1.0,1.0,31.0,1.0,2.0,2.0,1.0,31,2018-02-21 14:05:00
3,1,1.0,13,1,1.0,1.0,50.0,1.0,1.0,3.0,1.0,31,2019-03-21 18:50:00
3,1,1.0,6,1,1.0,1.0,29.0,1.0,8.0,2.0,1.0,13,2020-07-15 13:50:00
2,1,1.0,7,1,3.0,2.0,20.0,2.0,10.0,3.0,1.0,89,2019-12-15 22:30:00
3,1,1.0,8,8,1.0,1.0,77.0,1.0,1.0,3.0,1.0,31,2016-11-19 07:20:00
3,1,1.0,11,1,1.0,1.0,44.0,1.0,1.0,2.0,1.0,22,2018-04-20 02:10:00
3,1,1.0,10,1,1.0,1.0,37.0,1.0,1.0,2.0,1.0,31,2020-07-29 12:30:00
2,2,0.0,19,1,2.0,2.0,27.0,1.0,10.0,3.0,1.0,67,2017-03-09 14:10:00
3,1,1.0,11,2,1.0,1.0,46.0,1.0,3.0,2.0,1.0,44,2018-06-24 19:10:00
3,1,1.0,9,1,1.0,1.0,49.0,1.0,5.0,3.0,1.0,44,2019-04-30 10:38:00
3,1,1.0,19,10,2.0,1.0,33.0,1.0,10.0,3.0,1.0,55,2017-08-28 15:30:00
3,1,1.0,1,1,1.0,1.0,54.0,1.0,2.0,2.0,1.0,38,2019-02-23 00:40:00
3,1,1.0,9,10,1.0,1.0,47.0,1.0,1.0,3.0,1.0,51,2016-12-03 16:10:00
3,1,1.0,10,1,1.0,1.0,36.0,1.0,1.0,3.0,1.0,31,2019-03-27 23:52:00
3,1,1.0,7,2,1.0,1.0,21.0,1.0,2.0,2.0,1.0,26,2016-04-05 00:10:00
2,1,1.0,2,2,2.0,2.0,28.0,1.0,1.0,3.0,1.0,22,2019-10-12 09:50:00
3,1,1.0,16,1,1.0,1.0,22.0,1.0,2.0,2.0,1.0,31,2016-11-03 16:30:00
2,4,0.0,8,1,1.0,1.0,57.0,1.0,2.0,2.0,1.0,67,2015-09-19 20:00:00
3,1,1.0,11,1,1.0,1.0,27.0,1.0,10.0,3.0,1.0,67,2017-08-16 19:45:00
2,2,0.0,10,1,2.0,2.0,21.0,1.0,10.0,3.0,1.0,93,2018-08-29 07:45:00
3,1,1.0,19,1,1.0,1.0,35.0,1.0,1.0,3.0,1.0,13,2015-07-07 17:25:00
3,1,1.0,1,1,1.0,1.0,27.0,1.0,9.0,2.0,1.0,13,2016-06-18 08:00:00
3,1,1.0,6,1,1.0,1.0,46.0,1.0,6.0,3.0,1.0,67,2017-04-12 14:30:00
2,2,0.0,4,1,1.0,1.0,31.0,1.0,2.0,2.0,1.0,101,2015-11-15 07:40:00
3,1,1.0,8,1,1.0,1.0,37.0,1.0,1.0,3.0,1.0,67,2020-03-19 16:00:00
3,1,1.0,16,1,1.0,1.0,51.0,1.0,1.0,3.0,1.0,67,2016-10-14 14:40:00
3,1,1.0,11,1,1.0,1.0,41.0,1.0,1.0,3.0,1.0,31,2016-01-16 10:00:00
2,1,1.0,3,1,1.0,1.0,32.0,1.0,1.0,2.0,1.0,13,2019-07-02 09:00:00
3,1,1.0,8,1,2.0,1.0,36.0,1.0,2.0,2.0,1.0,67,2019-02-17 18:38:00
3,1,1.0,4,1,1.0,1.0,33.0,1.0,3.0,2.0,1.0,31,2015-09-07 15:30:00
3,1,1.0,8,1,1.0,1.0,39.0,1.0,8.0,2.0,1.0,13,2018-10-17 05:00:00
2,1,1.0,1,2,3.0,2.0,82.0,2.0,5.0,3.0,1.0,31,2019-01-07 18:02:00
3,1,1.0,18,1,1.0,1.0,28.0,1.0,7.0,2.0,1.0,44,2020-06-10 10:40:00
2,2,0.0,7,1,2.0,2.0,21.0,1.0,10.0,3.0,1.0,102,2020-01-23 06:10:00
2,4,0.0,7,1,3.0,2.0,55.0,2.0,2.0,2.0,1.0,29,2019-07-19 20:40:00
2,4,0.0,4,1,3.0,2.0,25.0,2.0,2.0,2.0,1.0,108,2019-07-17 13:30:00
2,4,0.0,19,1,3.0,2.0,19.0,2.0,2.0,2.0,1.0,29,2015-06-24 19:50:00
3,1,1.0,9,1,1.0,1.0,38.0,1.0,1.0,2.0,1.0,31,2019-02-13 18:05:00
2,1,1.0,12,2,2.0,2.0,35.0,1.0,5.0,3.0,1.0,22,2015-10-21 12:30:00
2,1,1.0,9,2,2.0,2.0,20.0,1.0,10.0,3.0,1.0,67,2016-04-13 06:20:00
3,1,1.0,19,1,1.0,1.0,36.0,1.0,1.0,3.0,1.0,31,2018-04-23 17:30:00
2,2,0.0,19,1,4.0,2.0,18.0,1.0,10.0,3.0,1.0,100,2020-07-07 07:07:00
1,2,0.0,16,1,1.0,1.0,33.0,1.0,6.0,3.0,1.0,102,2015-02-23 00:40:00
2,1,1.0,12,1,1.0,1.0,35.0,1.0,2.0,2.0,1.0,13,2016-02-15 06:00:00
3,1,1.0,9,1,1.0,1.0,34.0,2.0,10.0,3.0,1.0,9,2016-01-12 07:30:00
2,2,0.0,5,1,1.0,1.0,20.0,1.0,4.0,2.0,1.0,93,2015-10-22 17:30:00
3,1,1.0,7,1,1.0,1.0,30.0,1.0,2.0,2.0,1.0,31,2015-10-18 16:50:00
3,1,4.0,1,1,1.0,1.0,16.0,1.0,1.0,2.0,1.0,49,2016-05-25 01:40:00
2,1,1.0,8,1,2.0,2.0,35.0,1.0,5.0,3.0,1.0,68,2019-02-12 07:00:00
3,1,1.0,2,1,1.0,1.0,35.0,1.0,6.0,3.0,1.0,31,2018-10-24 09:00:00
2,1,1.0,15,2,1.0,1.0,30.0,1.0,1.0,3.0,1.0,52,2019-11-23 07:18:00
2,2,0.0,9,1,4.0,2.0,41.0,2.0,10.0,3.0,1.0,100,2017-02-03 07:40:00
3,1,1.0,8,1,1.0,1.0,22.0,1.0,1.0,3.0,1.0,67,2017-09-27 08:05:00
2,2,0.0,16,1,1.0,1.0,24.0,1.0,13.0,0.0,1.0,67,2019-12-09 06:40:00
2,1,1.0,12,1,3.0,2.0,32.0,1.0,1.0,3.0,1.0,31,2015-08-20 14:40:00
3,1,1.0,16,2,1.0,1.0,37.71525130603967,0.0,10.0,1.0,1.0,52,2018-01-10 21:00:00
2,2,0.0,5,1,2.0,1.0,17.0,1.0,10.0,3.0,1.0,100,2015-06-25 19:10:00
3,1,1.0,11,1,1.0,1.0,30.0,1.0,1.0,2.0,1.0,31,2020-10-28 13:21:00
2,1,1.0,12,1,1.0,1.0,29.0,1.0,1.0,2.0,1.0,31,2015-04-24 22:30:00
3,1,1.0,9,1,5.0,1.0,32.0,1.0,1.0,3.0,1.0,6,2018-12-03 19:40:00
3,1,1.0,9,1,1.0,1.0,31.0,1.0,1.0,2.0,1.0,31,2020-01-18 15:00:00
3,1,1.0,8,1,1.0,1.0,24.0,1.0,5.0,2.0,1.0,42,2020-05-23 08:00:00
3,1,1.0,2,1,1.0,1.0,30.0,1.0,5.0,3.0,1.0,31,2020-02-29 14:25:00
3,1,1.0,11,1,1.0,1.0,23.0,2.0,10.0,3.0,1.0,14,2020-09-14 18:10:00
2,4,0.0,7,2,1.0,1.0,30.0,1.0,2.0,2.0,1.0,29,2017-02-11 14:45:00
2,1,1.0,11,1,3.0,2.0,18.0,2.0,10.0,3.0,1.0,11,2019-04-23 16:40:00
2,2,0.0,12,2,4.0,2.0,13.0,1.0,5.0,3.0,1.0,32,2017-02-17 19:00:00
2,1,1.0,10,2,1.0,1.0,26.0,1.0,13.0,0.0,1.0,37,2016-05-19 21:50:00
3,1,1.0,8,1,1.0,1.0,23.0,1.0,1.0,2.0,1.0,31,2018-11-25 14:45:00
3,1,1.0,1,11,1.0,1.0,68.0,1.0,1.0,3.0,1.0,13,2017-09-09 08:50:00
3,1,1.0,8,1,1.0,1.0,31.0,2.0,5.0,3.0,1.0,22,2015-03-27 17:50:00
2,1,1.0,5,1,2.0,2.0,35.0,1.0,10.0,3.0,1.0,31,2020-10-24 08:50:00
2,2,0.0,12,1,1.0,1.0,49.0,1.0,1.0,2.0,1.0,101,2017-11-10 22:45:00
3,1,1.0,3,1,1.0,1.0,43.0,1.0,10.0,3.0,1.0,14,2018-09-08 23:05:00
2,1,1.0,2,1,2.0,2.0,22.0,1.0,3.0,2.0,1.0,9,2020-12-22 17:03:00
3,1,1.0,13,1,1.0,1.0,25.0,1.0,1.0,2.0,1.0,31,2017-11-09 21:50:00
3,1,1.0,8,1,1.0,1.0,36.0,2.0,1.0,3.0,1.0,31,2016-11-29 00:00:00
3,1,1.0,9,1,1.0,1.0,38.0,1.0,1.0,3.0,1.0,31,2018-05-15 21:00:00
3,1,1.0,10,1,1.0,1.0,25.0,1.0,2.0,2.0,1.0,13,2018-01-30 12:37:00
3,1,4.0,14,1,1.0,1.0,59.0,1.0,4.0,2.0,1.0,67,2019-10-19 06:13:00
3,1,1.0,13,1,1.0,1.0,35.0,1.0,1.0,3.0,1.0,31,2016-09-11 14:40:00
2,2,0.0,12,1,2.0,1.0,29.0,2.0,10.0,3.0,1.0,102,2015-03-26 18:17:00
2,2,0.0,19,1,4.0,2.0,39.0,2.0,10.0,3.0,1.0,67,2016-05-10 16:55:00
3,1,1.0,12,2,1.0,1.0,50.0,1.0,1.0,2.0,1.0,31,2015-02-03 10:50:00
2,1,1.0,8,1,2.0,2.0,29.0,2.0,7.0,2.0,1.0,13,2018-06-19 16:10:00
2,2,0.0,12,1,4.0,2.0,37.0,1.0,0.0,0.0,2.0,23,2019-08-11 00:00:00
3,1,1.0,13,1,1.0,1.0,47.0,1.0,1.0,3.0,1.0,31,2019-06-26 12:52:00
3,1,1.0,9,1,1.0,1.0,35.0,1.0,1.0,3.0,1.0,25,2019-12-15 09:10:00
3,1,1.0,12,1,1.0,1.0,43.0,1.0,1.0,3.0,1.0,31,2019-06-20 08:49:00
3,1,1.0,5,2,1.0,1.0,27.0,1.0,1.0,3.0,1.0,55,2016-12-10 18:45:00
3,1,1.0,10,2,1.0,1.0,41.0,1.0,1.0,3.0,1.0,25,2017-03-09 06:00:00
3,1,4.0,11,1,1.0,1.0,61.0,1.0,1.0,3.0,1.0,51,2020-10-13 10:05:00
3,1,1.0,7,2,1.0,1.0,24.0,1.0,2.0,2.0,1.0,22,2015-10-10 12:15:00
1,2,0.0,8,2,2.0,1.0,27.0,1.0,10.0,3.0,1.0,93,2020-12-12 20:00:00
3,1,1.0,10,1,1.0,1.0,27.0,1.0,10.0,3.0,1.0,9,2017-03-15 05:35:00
3,1,1.0,7,1,1.0,1.0,52.0,1.0,2.0,2.0,1.0,13,2020-08-25 12:30:00
2,1,1.0,19,2,1.0,1.0,60.0,1.0,1.0,2.0,1.0,31,2017-05-29 09:00:00
3,1,1.0,11,1,1.0,1.0,63.0,1.0,5.0,3.0,1.0,31,2016-11-15 13:40:00
2,4,0.0,5,1,3.0,2.0,39.0,2.0,7.0,2.0,1.0,64,2020-07-16 07:36:00
2,1,1.0,13,1,1.0,1.0,59.0,1.0,1.0,3.0,1.0,31,2018-01-06 18:10:00
2,1,1.0,11,1,1.0,1.0,35.0,1.0,1.0,3.0,1.0,67,2018-04-04 12:10:00
3,1,1.0,1,2,1.0,1.0,40.0,1.0,1.0,3.0,1.0,25,2015-12-19 21:40:00
2,6,0.0,9,1,1.0,1.0,43.0,1.0,8.0,2.0,1.0,66,2020-12-14 13:50:00
3,1,1.0,10,1,1.0,1.0,27.0,1.0,5.0,2.0,1.0,31,2015-07-18 05:40:00
2,1,1.0,11,1,1.0,1.0,48.0,1.0,13.0,0.0,1.0,37,2018-06-10 09:20:00
3,1,1.0,1,1,1.0,1.0,40.0,1.0,1.0,2.0,1.0,44,2016-05-16 09:30:00
2,1,1.0,9,2,1.0,1.0,47.0,1.0,5.0,3.0,1.0,22,2017-07-18 17:15:00
3,1,1.0,8,1,1.0,1.0,46.0,1.0,1.0,3.0,1.0,14,2019-10-28 19:27:00
3,1,1.0,12,1,1.0,1.0,39.0,1.0,5.0,1.0,1.0,22,2018-11-05 12:55:00
3,1,1.0,2,1,1.0,1.0,33.0,1.0,1.0,3.0,1.0,31,2018-01-16 18:14:00
3,1,1.0,12,1,2.0,1.0,29.0,1.0,1.0,2.0,1.0,31,2019-12-08 07:30:00
3,1,1.0,16,1,1.0,1.0,61.0,1.0,1.0,3.0,1.0,31,2016-04-17 22:35:00
2,1,1.0,9,1,5.0,2.0,52.0,2.0,2.0,2.0,1.0,67,2018-07-16 18:20:00
3,1,1.0,9,2,1.0,1.0,29.0,1.0,5.0,3.0,1.0,44,2020-03-03 07:55:00
3,1,1.0,1,1,1.0,1.0,39.0,2.0,1.0,3.0,1.0,31,2016-01-08 11:28:00
3,1,1.0,6,1,1.0,1.0,31.0,1.0,3.0,2.0,1.0,44,2018-07-06 06:10:00
3,1,1.0,15,1,2.0,1.0,28.0,1.0,5.0,2.0,1.0,13,2019-08-13 16:30:00
3,1,1.0,17,1,2.0,1.0,21.0,1.0,10.0,3.0,1.0,31,2018-10-13 07:30:00
2,1,1.0,1,1,1.0,1.0,32.0,1.0,10.0,3.0,1.0,13,2020-10-03 16:05:00
2,1,1.0,4,1,1.0,1.0,55.0,1.0,10.0,3.0,1.0,67,2019-11-19 07:30:00
3,1,1.0,1,2,5.0,1.0,18.0,1.0,10.0,3.0,1.0,52,2018-06-08 16:30:00
3,1,1.0,7,2,1.0,1.0,32.0,1.0,1.0,2.0,1.0,22,2017-03-31 15:30:00
3,1,1.0,11,10,1.0,1.0,40.0,1.0,5.0,3.0,1.0,67,2016-02-23 05:40:00
3,1,1.0,16,2,1.0,1.0,40.0,1.0,1.0,2.0,1.0,13,2019-04-02 08:45:00
2,1,1.0,7,2,1.0,1.0,30.0,1.0,5.0,3.0,1.0,67,2019-10-27 01:20:00
3,1,1.0,9,1,1.0,1.0,40.0,1.0,5.0,2.0,1.0,53,2020-08-22 09:40:00
3,1,1.0,2,1,1.0,1.0,29.0,1.0,10.0,3.0,1.0,67,2020-12-21 20:03:00
2,1,1.0,8,2,1.0,1.0,21.0,1.0,6.0,3.0,1.0,52,2015-06-05 19:00:00
3,1,1.0,11,1,1.0,1.0,37.0,2.0,1.0,3.0,1.0,13,2017-10-19 06:05:00
3,1,1.0,5,1,1.0,1.0,37.0,1.0,1.0,2.0,1.0,14,2018-01-02 14:30:00
2,1,1.0,7,2,2.0,2.0,33.0,1.0,1.0,3.0,1.0,22,2019-07-13 12:09:00
2,1,1.0,14,1,1.0,1.0,40.0,1.0,2.0,2.0,1.0,5,2018-02-05 10:00:00
2,2,0.0,13,1,4.0,2.0,55.0,2.0,10.0,3.0,1.0,53,2018-02-28 07:30:00
3,1,1.0,13,1,1.0,1.0,46.0,2.0,7.0,2.0,1.0,31,2016-02-25 07:20:00
3,1,1.0,1,1,1.0,1.0,43.0,1.0,8.0,2.0,1.0,16,2018-09-15 06:20:00
2,2,0.0,10,1,2.0,1.0,57.0,1.0,10.0,3.0,1.0,102,2016-03-10 07:53:00
3,1,1.0,10,1,1.0,1.0,57.0,1.0,8.0,2.0,1.0,51,2017-01-12 15:10:00
3,1,1.0,9,1,1.0,1.0,25.0,1.0,5.0,2.0,1.0,31,2019-08-23 14:15:00
3,1,1.0,8,1,1.0,1.0,24.0,1.0,2.0,2.0,1.0,13,2018-07-28 12:05:00
3,1,1.0,5,1,1.0,1.0,34.0,1.0,5.0,3.0,1.0,55,2017-07-11 11:10:00
3,1,1.0,1,1,1.0,1.0,52.0,1.0,2.0,2.0,1.0,13,2017-01-30 15:50:00
3,1,1.0,10,1,1.0,1.0,30.0,1.0,4.0,3.0,1.0,53,2018-03-16 22:00:00
2,1,1.0,4,1,2.0,2.0,27.0,1.0,10.0,3.0,1.0,22,2019-07-18 07:37:00
3,1,1.0,9,1,1.0,1.0,54.0,1.0,4.0,2.0,1.0,40,2016-07-20 06:00:00
2,1,1.0,7,1,3.0,2.0,54.0,2.0,2.0,2.0,1.0,9,2018-04-19 05:15:00
3,1,1.0,8,1,1.0,1.0,54.0,1.0,7.0,2.0,1.0,16,2015-11-16 20:10:00
3,1,1.0,11,1,1.0,1.0,56.0,1.0,1.0,3.0,1.0,67,2018-11-19 23:15:00
3,1,1.0,5,1,1.0,1.0,25.0,2.0,1.0,3.0,1.0,31,2018-08-16 08:40:00
3,1,1.0,13,1,1.0,1.0,57.0,1.0,1.0,2.0,1.0,67,2019-08-07 12:59:00
3,1,1.0,10,1,1.0,1.0,22.0,1.0,1.0,3.0,1.0,13,2016-08-27 15:40:00
2,2,0.0,3,1,4.0,2.0,75.0,2.0,1.0,3.0,1.0,44,2015-05-30 12:30:00
3,1,1.0,14,1,1.0,1.0,51.0,1.0,4.0,2.0,1.0,31,2019-03-27 16:30:00
3,1,1.0,2,2,2.0,1.0,25.0,1.0,5.0,3.0,1.0,31,2017-02-11 11:40:00
2,1,1.0,1,1,1.0,1.0,30.0,1.0,10.0,3.0,1.0,13,2017-02-03 07:30:00
1,1,1.0,13,2,1.0,1.0,21.0,2.0,1.0,3.0,1.0,24,2015-12-13 05:25:00
3,1,1.0,11,4,1.0,1.0,44.0,1.0,1.0,3.0,1.0,13,2015-03-19 09:30:00
2,1,1.0,13,2,3.0,2.0,31.0,2.0,5.0,2.0,1.0,22,2016-04-26 09:30:00
3,1,1.0,2,1,1.0,1.0,42.0,1.0,5.0,1.0,1.0,31,2019-09-17 07:30:00
3,1,1.0,12,1,2.0,1.0,22.0,1.0,5.0,3.0,1.0,31,2015-04-30 13:30:00
3,1,1.0,5,1,1.0,1.0,32.0,1.0,1.0,3.0,1.0,13,2015-01-30 18:00:00
3,1,1.0,11,1,1.0,1.0,23.0,1.0,2.0,3.0,1.0,67,2017-05-04 17:20:00
3,1,4.0,9,2,1.0,1.0,41.0,1.0,1.0,3.0,1.0,51,2020-12-18 12:50:00
1,1,1.0,8,1,2.0,3.0,32.0,1.0,5.0,3.0,1.0,67,2015-05-20 09:20:00
3,1,1.0,5,1,1.0,1.0,33.0,1.0,2.0,2.0,1.0,55,2017-09-27 21:20:00
2,2,0.0,3,1,1.0,2.0,40.0,1.0,1.0,2.0,1.0,102,2018-11-30 21:00:00
3,1,1.0,9,2,1.0,1.0,40.0,2.0,1.0,3.0,1.0,22,2015-11-28 13:00:00
3,1,1.0,12,7,1.0,1.0,39.0,1.0,1.0,2.0,1.0,31,2017-09-24 08:00:00
2,2,0.0,7,1,1.0,1.0,58.0,1.0,4.0,3.0,1.0,98,2018-10-16 13:25:00
2,1,1.0,8,1,3.0,2.0,50.0,2.0,2.0,2.0,1.0,13,2020-11-16 17:56:00
3,1,1.0,18,1,1.0,1.0,65.0,1.0,1.0,2.0,1.0,53,2015-12-24 23:45:00
2,1,1.0,13,2,1.0,1.0,27.0,1.0,10.0,3.0,1.0,52,2015-06-29 05:40:00
3,1,1.0,12,7,1.0,1.0,25.0,0.0,4.0,2.0,1.0,13,2016-02-22 08:30:00
3,1,1.0,1,1,1.0,1.0,52.0,1.0,3.0,2.0,1.0,15,2018-09-23 09:30:00
3,1,1.0,7,1,1.0,1.0,45.0,1.0,1.0,3.0,1.0,13,2016-08-10 06:05:00
3,1,1.0,8,1,5.0,1.0,57.0,1.0,4.0,2.0,1.0,22,2019-12-02 08:40:00
3,1,1.0,11,1,1.0,1.0,42.0,1.0,1.0,2.0,1.0,51,2020-11-25 00:25:00
2,1,1.0,11,1,1.0,1.0,45.0,1.0,1.0,3.0,1.0,31,2015-08-01 14:00:00
3,1,1.0,7,1,1.0,1.0,36.0,1.0,4.0,2.0,1.0,13,2018-01-30 20:40:00
3,1,1.0,8,1,1.0,1.0,31.0,1.0,1.0,3.0,1.0,31,2019-02-12 21:10:00
2,1,4.0,16,1,2.0,2.0,25.0,1.0,10.0,3.0,1.0,67,2020-05-09 01:55:00
2,1,1.0,9,1,2.0,2.0,22.0,1.0,4.0,2.0,1.0,22,2017-03-01 16:00:00
2,1,1.0,2,1,5.0,2.0,20.0,1.0,13.0,0.0,1.0,67,2018-03-16 08:20:00
3,1,1.0,2,10,1.0,1.0,60.0,2.0,1.0,3.0,1.0,44,2016-11-14 13:00:00
2,2,0.0,4,1,2.0,2.0,26.0,2.0,10.0,1.0,1.0,102,2017-12-15 18:05:00
2,1,1.0,11,1,1.0,2.0,28.0,1.0,1.0,3.0,1.0,31,2019-10-14 20:40:00
3,1,1.0,5,2,1.0,1.0,51.0,1.0,1.0,2.0,1.0,49,2015-10-06 15:00:00
3,1,1.0,10,1,1.0,1.0,38.0,1.0,4.0,2.0,1.0,13,2016-10-26 09:40:00
3,1,1.0,12,1,1.0,1.0,43.0,2.0,1.0,3.0,1.0,13,2015-07-04 18:10:00
3,1,1.0,11,1,1.0,1.0,47.0,1.0,1.0,3.0,1.0,31,2018-11-29 19:16:00
2,1,1.0,4,2,5.0,2.0,16.0,1.0,13.0,0.0,1.0,22,2019-12-01 18:00:00
3,1,1.0,16,1,1.0,1.0,28.0,1.0,1.0,3.0,1.0,31,2020-04-24 08:18:00
3,1,1.0,8,1,1.0,1.0,49.0,1.0,5.0,3.0,1.0,31,2016-08-02 20:45:00
2,1,1.0,11,1,1.0,1.0,37.0,1.0,13.0,0.0,1.0,67,2016-02-19 12:25:00
3,1,1.0,13,2,1.0,1.0,33.0,1.0,5.0,3.0,1.0,67,2018-11-16 09:15:00
3,1,1.0,9,1,1.0,1.0,44.0,1.0,2.0,2.0,1.0,31,2016-06-13 06:50:00
2,4,0.0,12,1,1.0,1.0,51.0,1.0,2.0,2.0,1.0,67,2016-10-03 09:50:00
2,1,1.0,6,2,2.0,2.0,32.0,1.0,10.0,3.0,1.0,22,2016-02-09 17:50:00
3,1,1.0,5,2,2.0,1.0,21.0,1.0,10.0,3.0,1.0,22,2017-06-18 10:10:00
3,1,1.0,7,4,1.0,1.0,30.0,1.0,1.0,3.0,1.0,31,2015-01-04 20:00:00
3,1,1.0,11,2,1.0,1.0,44.0,2.0,5.0,3.0,1.0,52,2019-11-04 05:30:00
2,1,1.0,16,1,3.0,2.0,32.0,2.0,10.0,3.0,1.0,31,2020-10-20 16:42:00
3,1,4.0,4,1,1.0,1.0,34.0,1.0,2.0,2.0,1.0,67,2017-03-28 19:35:00
3,1,1.0,10,2,1.0,1.0,58.0,2.0,7.0,2.0,1.0,52,2020-02-09 19:10:00
2,1,1.0,14,1,2.0,2.0,50.0,1.0,1.0,3.0,1.0,31,2016-09-05 15:00:00
2,2,0.0,5,2,4.0,2.0,12.0,2.0,1.0,2.0,1.0,67,2018-11-10 16:45:00
2,1,1.0,19,2,3.0,2.0,54.0,2.0,1.0,2.0,1.0,22,2019-08-06 13:40:00
3,1,1.0,11,1,1.0,1.0,25.0,1.0,5.0,3.0,1.0,31,2018-01-08 14:05:00
3,1,1.0,1,2,1.0,1.0,71.0,2.0,1.0,3.0,1.0,13,2018-02-16 21:00:00
2,1,1.0,1,1,1.0,1.0,29.0,1.0,9.0,2.0,1.0,31,2018-10-23 06:48:00
3,1,1.0,7,1,1.0,1.0,43.0,1.0,10.0,3.0,1.0,42,2017-09-05 17:10:00
3,1,1.0,1,1,1.0,1.0,59.0,1.0,5.0,3.0,1.0,44,2016-09-04 09:30:00
2,1,1.0,11,2,3.0,2.0,25.0,1.0,1.0,3.0,1.0,22,2017-05-22 10:30:00
2,1,1.0,8,1,2.0,2.0,24.0,1.0,10.0,3.0,1.0,31,2017-01-03 18:00:00
2,1,1.0,12,1,2.0,1.0,30.0,1.0,10.0,3.0,1.0,67,2019-09-10 07:30:00
3,1,1.0,10,2,1.0,1.0,22.0,1.0,1.0,3.0,1.0,55,2016-02-16 16:50:00
3,1,1.0,8,1,1.0,1.0,24.0,1.0,2.0,2.0,1.0,31,2020-11-27 17:30:00
3,1,1.0,10,1,1.0,1.0,42.0,1.0,1.0,2.0,1.0,13,2019-10-02 22:20:00
3,1,1.0,14,1,1.0,1.0,23.0,1.0,1.0,3.0,1.0,13,2020-10-29 10:50:00
2,1,1.0,13,1,3.0,2.0,37.0,2.0,2.0,2.0,1.0,31,2016-08-11 08:49:00
3,1,1.0,16,1,1.0,1.0,27.0,1.0,2.0,2.0,1.0,13,2017-08-02 16:45:00
2,2,0.0,19,1,4.0,2.0,70.0,1.0,10.0,3.0,1.0,67,2019-03-18 06:52:00
3,1,1.0,1,1,1.0,1.0,37.71525130603967,0.0,0.0,0.0,2.0,13,2019-05-12 14:30:00
3,1,1.0,7,2,1.0,1.0,51.0,1.0,1.0,3.0,1.0,13,2017-10-27 18:15:00
2,1,1.0,13,1,2.0,1.0,23.0,1.0,13.0,0.0,1.0,13,2020-11-13 14:15:00
3,1,1.0,10,1,1.0,1.0,63.0,1.0,1.0,3.0,1.0,55,2015-12-18 11:10:00
3,1,1.0,1,1,1.0,1.0,37.0,2.0,6.0,3.0,1.0,31,2016-10-25 12:43:00
2,2,0.0,8,1,4.0,2.0,41.0,1.0,6.0,3.0,1.0,100,2016-11-27 03:30:00
3,1,1.0,2,1,1.0,1.0,39.0,1.0,1.0,3.0,1.0,13,2015-05-08 15:40:00
3,1,1.0,8,1,1.0,1.0,55.0,1.0,1.0,2.0,1.0,51,2018-03-12 20:30:00
2,1,1.0,9,2,1.0,1.0,39.0,1.0,1.0,2.0,1.0,25,2015-04-10 02:10:00
3,1,1.0,1,1,1.0,1.0,40.0,1.0,1.0,3.0,1.0,31,2016-04-22 12:45:00
3,1,1.0,1,1,1.0,1.0,52.0,1.0,1.0,2.0,1.0,31,2016-11-24 17:30:00
3,1,1.0,10,1,1.0,1.0,39.0,1.0,1.0,3.0,1.0,32,2015-09-25 07:30:00
3,1,1.0,16,1,1.0,1.0,59.0,1.0,1.0,2.0,1.0,13,2016-04-04 16:30:00
2,1,1.0,16,2,1.0,1.0,21.0,1.0,5.0,3.0,1.0,22,2016-10-26 07:15:00
3,1,1.0,10,1,1.0,1.0,30.0,1.0,1.0,3.0,1.0,31,2015-06-28 14:10:00
3,1,1.0,18,2,1.0,1.0,44.0,2.0,2.0,2.0,1.0,67,2018-12-06 05:07:00
3,1,1.0,8,1,1.0,1.0,46.0,1.0,1.0,3.0,1.0,31,2018-12-10 23:45:00
3,1,1.0,1,1,1.0,1.0,29.0,1.0,1.0,3.0,1.0,67,2016-04-22 06:00:00
2,1,1.0,1,2,2.0,2.0,60.0,1.0,10.0,3.0,1.0,52,2019-04-22 05:52:00
3,1,1.0,5,1,1.0,1.0,47.0,1.0,4.0,2.0,1.0,67,2020-11-21 17:50:00
3,1,1.0,12,1,1.0,1.0,34.0,1.0,1.0,2.0,1.0,31,2017-10-28 00:10:00
2,1,1.0,6,2,2.0,2.0,41.0,2.0,1.0,3.0,1.0,53,2020-03-11 06:15:00
3,1,1.0,14,1,1.0,1.0,57.0,1.0,2.0,2.0,1.0,31,2018-06-23 07:20:00
3,1,1.0,8,1,1.0,1.0,32.0,1.0,1.0,3.0,1.0,31,2015-09-05 15:55:00
3,1,1.0,9,1,1.0,1.0,27.0,1.0,1.0,2.0,1.0,14,2015-10-29 23:30:00
3,1,1.0,6,1,1.0,1.0,36.0,1.0,1.0,3.0,1.0,16,2016-09-10 11:30:00
2,1,1.0,19,1,5.0,2.0,9.0,1.0,10.0,3.0,1.0,4,2018-05-10 08:30:00
2,1,1.0,9,1,1.0,1.0,48.0,1.0,8.0,2.0,1.0,12,2020-10-10 05:45:00
2,2,0.0,8,1,2.0,1.0,22.0,1.0,10.0,3.0,1.0,102,2017-01-23 21:55:00
2,1,1.0,12,1,2.0,2.0,34.0,1.0,10.0,3.0,1.0,13,2018-09-23 10:20:00
2,2,0.0,6,1,2.0,1.0,27.0,1.0,10.0,3.0,1.0,12,2015-06-10 16:40:00
3,1,1.0,8,1,1.0,1.0,42.0,1.0,2.0,2.0,1.0,31,2015-06-03 22:45:00
2,1,1.0,7,2,2.0,2.0,20.0,1.0,4.0,2.0,1.0,22,2016-02-05 13:00:00
3,1,1.0,5,1,2.0,1.0,47.0,1.0,10.0,3.0,1.0,13,2016-12-28 13:00:00
3,1,1.0,12,2,1.0,1.0,37.0,1.0,6.0,1.0,1.0,44,2018-10-18 09:50:00
2,1,1.0,18,2,2.0,2.0,19.0,2.0,1.0,2.0,1.0,22,2015-08-25 07:10:00
2,1,1.0,10,1,2.0,2.0,42.0,1.0,10.0,3.0,1.0,44,2017-12-28 07:40:00
2,1,1.0,10,2,1.0,1.0,39.0,1.0,10.0,3.0,1.0,13,2019-11-16 00:28:00
2,1,1.0,19,2,3.0,2.0,29.0,2.0,5.0,2.0,1.0,22,2019-08-02 14:47:00
3,1,1.0,1,1,1.0,1.0,32.0,1.0,1.0,3.0,1.0,13,2019-05-09 18:10:00
3,1,1.0,12,1,1.0,1.0,40.0,1.0,6.0,3.0,1.0,31,2019-03-21 10:30:00
2,1,1.0,10,1,1.0,1.0,32.0,1.0,5.0,3.0,1.0,13,2016-05-14 08:40:00
3,1,1.0,6,2,1.0,1.0,47.0,1.0,10.0,3.0,1.0,22,2015-10-23 06:00:00
3,1,1.0,16,1,1.0,1.0,37.0,1.0,2.0,2.0,1.0,87,2020-08-09 00:25:00
3,1,1.0,11,2,1.0,1.0,46.0,1.0,6.0,3.0,1.0,31,2015-02-22 11:00:00
2,2,0.0,10,1,4.0,2.0,39.0,2.0,10.0,3.0,1.0,26,2017-08-06 20:00:00
3,1,1.0,2,1,1.0,1.0,26.0,1.0,2.0,2.0,1.0,31,2015-10-30 11:00:00
3,1,1.0,9,1,1.0,1.0,40.0,1.0,1.0,3.0,1.0,31,2017-03-10 06:30:00
3,1,1.0,8,1,1.0,1.0,18.0,1.0,4.0,2.0,1.0,53,2017-02-21 09:00:00
3,1,1.0,9,1,1.0,1.0,30.0,1.0,1.0,3.0,1.0,55,2018-05-25 08:40:00
3,1,1.0,8,1,1.0,1.0,54.0,1.0,5.0,2.0,1.0,13,2018-02-13 10:30:00
2,2,0.0,8,1,2.0,1.0,25.0,1.0,10.0,3.0,1.0,95,2020-01-15 07:15:00
3,1,1.0,8,10,1.0,1.0,31.0,1.0,4.0,2.0,1.0,67,2017-05-07 06:50:00
2,1,1.0,1,1,2.0,1.0,21.0,1.0,13.0,0.0,1.0,37,2020-09-16 15:40:00
2,1,1.0,8,1,1.0,1.0,36.0,1.0,1.0,2.0,1.0,31,2015-02-25 14:00:00
3,1,1.0,1,1,1.0,1.0,25.0,1.0,1.0,2.0,1.0,13,2015-08-31 21:50:00
2,2,0.0,18,1,4.0,2.0,74.0,1.0,10.0,3.0,1.0,67,2018-11-14 09:38:00
3,1,1.0,16,1,1.0,1.0,26.0,1.0,2.0,2.0,1.0,13,2018-04-25 10:56:00
2,1,1.0,10,1,2.0,2.0,33.0,1.0,10.0,3.0,1.0,22,2018-06-27 07:30:00
3,1,1.0,1,1,1.0,1.0,66.0,1.0,1.0,3.0,1.0,31,2019-03-25 12:15:00
2,1,1.0,7,7,5.0,2.0,32.0,1.0,5.0,3.0,1.0,67,2019-09-03 09:25:00
3,1,1.0,12,2,1.0,1.0,36.0,1.0,2.0,2.0,1.0,22,2016-05-13 07:00:00
3,1,1.0,3,2,1.0,1.0,37.0,2.0,1.0,3.0,1.0,22,2016-12-01 15:40:00
2,1,1.0,12,1,1.0,1.0,37.0,1.0,2.0,2.0,1.0,13,2018-03-08 13:10:00
3,1,1.0,9,10,1.0,1.0,54.0,1.0,8.0,2.0,1.0,44,2016-03-29 13:50:00
3,1,1.0,14,1,1.0,1.0,33.0,1.0,7.0,2.0,1.0,13,2015-10-09 17:10:00
3,1,1.0,18,1,1.0,1.0,42.0,1.0,5.0,2.0,1.0,22,2017-11-11 17:00:00
3,1,1.0,13,2,1.0,1.0,37.0,2.0,1.0,3.0,1.0,22,2015-07-21 09:00:00
3,1,1.0,4,1,1.0,1.0,28.0,1.0,10.0,3.0,1.0,67,2019-06-17 13:41:00
2,1,1.0,12,1,2.0,2.0,21.0,1.0,1.0,3.0,1.0,13,2016-02-23 07:30:00
2,1,1.0,16,1,0.0,0.0,37.71525130603967,0.0,0.0,0.0,0.0,13,2018-04-24 05:30:00
3,1,4.0,9,1,1.0,1.0,42.0,1.0,4.0,2.0,1.0,53,2016-01-16 12:00:00
3,1,1.0,9,4,1.0,1.0,29.0,1.0,5.0,3.0,1.0,26,2017-11-08 09:20:00
2,1,1.0,11,1,5.0,2.0,29.0,1.0,13.0,0.0,1.0,67,2018-10-09 07:50:00
3,1,1.0,1,1,1.0,1.0,36.0,1.0,6.0,3.0,1.0,28,2018-11-12 13:34:00
3,1,1.0,8,1,1.0,1.0,67.0,1.0,1.0,3.0,1.0,22,2017-11-14 18:30:00
3,1,1.0,13,2,1.0,1.0,28.0,1.0,2.0,2.0,1.0,15,2016-10-15 08:15:00
3,1,1.0,8,1,1.0,1.0,36.0,1.0,1.0,3.0,1.0,13,2015-06-05 21:00:00
2,1,1.0,10,1,2.0,2.0,23.0,1.0,1.0,2.0,1.0,89,2016-03-22 06:30:00
2,1,1.0,13,1,2.0,2.0,23.0,1.0,1.0,2.0,1.0,22,2018-04-23 07:25:00
3,1,1.0,18,1,1.0,1.0,54.0,1.0,1.0,2.0,1.0,22,2015-04-14 18:00:00
3,1,1.0,11,1,2.0,1.0,33.0,1.0,5.0,2.0,1.0,31,2016-04-19 14:00:00
3,1,1.0,13,1,1.0,1.0,42.0,1.0,1.0,3.0,1.0,13,2019-05-05 19:52:00
2,1,1.0,7,2,1.0,2.0,44.0,1.0,5.0,2.0,1.0,22,2016-05-20 08:15:00
3,1,1.0,1,1,1.0,1.0,33.0,1.0,1.0,3.0,1.0,31,2018-09-04 08:00:00
3,1,1.0,9,1,1.0,1.0,46.0,1.0,2.0,2.0,1.0,29,2020-12-03 10:00:00
3,1,1.0,1,1,2.0,1.0,34.0,1.0,1.0,2.0,1.0,26,2017-10-17 22:10:00
3,1,1.0,16,1,1.0,1.0,47.0,2.0,0.0,0.0,1.0,31,2018-12-29 11:45:00
3,1,1.0,2,2,2.0,1.0,29.0,1.0,13.0,0.0,1.0,22,2015-07-31 17:30:00
3,1,1.0,8,1,1.0,1.0,57.0,1.0,1.0,3.0,1.0,13,2020-03-18 14:40:00
3,1,1.0,1,1,1.0,1.0,30.0,2.0,1.0,2.0,1.0,31,2019-06-15 14:40:00
2,2,0.0,5,2,4.0,2.0,52.0,2.0,10.0,3.0,1.0,92,2017-06-13 15:00:00
3,1,1.0,16,2,2.0,1.0,39.0,1.0,6.0,3.0,1.0,13,2018-09-11 19:40:00
3,1,1.0,11,1,1.0,1.0,52.0,1.0,1.0,3.0,1.0,31,2018-04-16 06:50:00
3,1,1.0,7,1,1.0,1.0,22.0,1.0,7.0,2.0,1.0,53,2018-01-24 11:30:00
3,1,1.0,10,1,1.0,1.0,41.0,1.0,1.0,3.0,1.0,13,2019-04-09 07:00:00
2,2,0.0,5,1,4.0,2.0,32.0,1.0,1.0,0.0,2.0,101,2020-12-24 02:28:00
2,2,0.0,18,1,4.0,2.0,41.0,1.0,10.0,3.0,1.0,101,2016-12-30 19:10:00
3,1,1.0,7,1,1.0,1.0,31.0,1.0,5.0,3.0,1.0,31,2019-10-10 06:50:00
2,3,0.0,11,1,1.0,1.0,28.0,1.0,2.0,2.0,1.0,67,2018-11-10 07:00:00
2,1,1.0,9,1,2.0,2.0,37.0,1.0,10.0,3.0,1.0,31,2017-12-18 17:30:00
3,1,1.0,12,1,1.0,1.0,41.0,1.0,5.0,3.0,1.0,13,2020-09-16 10:01:00
2,1,1.0,9,1,5.0,2.0,55.0,1.0,13.0,0.0,1.0,67,2016-09-22 17:20:00
2,1,1.0,9,2,2.0,2.0,22.0,1.0,10.0,3.0,1.0,15,2019-06-06 07:40:00
3,1,1.0,9,1,1.0,1.0,34.0,1.0,1.0,3.0,1.0,67,2019-05-29 23:40:00
2,1,1.0,2,2,1.0,1.0,50.0,1.0,5.0,3.0,1.0,37,2015-09-18 03:25:00
3,1,1.0,8,2,1.0,1.0,32.0,2.0,5.0,3.0,1.0,67,2018-12-13 12:00:00
3,1,1.0,1,1,1.0,1.0,27.0,1.0,1.0,3.0,1.0,13,2015-11-03 08:05:00
2,2,0.0,11,1,4.0,2.0,43.0,2.0,1.0,3.0,1.0,42,2019-01-16 11:58:00
3,1,1.0,13,1,1.0,1.0,51.0,1.0,2.0,2.0,1.0,13,2017-05-22 19:50:00
3,1,1.0,8,1,1.0,1.0,30.0,1.0,1.0,3.0,1.0,22,2016-06-24 20:00:00
3,1,1.0,16,1,1.0,1.0,55.0,2.0,6.0,3.0,1.0,31,2019-05-28 14:50:00
3,1,1.0,8,1,1.0,1.0,43.0,1.0,1.0,3.0,1.0,31,2017-11-04 11:40:00
3,1,1.0,8,1,1.0,1.0,29.0,1.0,1.0,3.0,1.0,14,2017-10-22 13:30:00
2,1,1.0,16,2,4.0,2.0,26.0,2.0,10.0,3.0,1.0,52,2019-01-10 21:23:00
3,1,1.0,16,1,1.0,1.0,57.0,1.0,1.0,3.0,1.0,53,2017-08-23 21:40:00
3,1,1.0,11,1,1.0,1.0,44.0,1.0,5.0,3.0,1.0,31,2015-05-13 09:30:00
2,1,1.0,18,2,5.0,2.0,18.0,1.0,13.0,0.0,1.0,52,2020-08-24 14:19:00
2,1,1.0,11,1,3.0,2.0,37.0,2.0,1.0,1.0,1.0,13,2020-02-11 12:00:00
3,1,1.0,9,1,1.0,1.0,31.0,1.0,1.0,3.0,1.0,13,2019-09-14 14:15:00
3,1,1.0,2,1,1.0,1.0,46.0,1.0,5.0,3.0,1.0,67,2017-05-07 08:40:00
3,1,1.0,11,1,1.0,1.0,48.0,1.0,6.0,3.0,1.0,67,2019-04-04 18:05:00
3,1,1.0,1,1,1.0,1.0,39.0,1.0,2.0,2.0,1.0,13,2015-01-24 15:00:00
3,1,1.0,11,1,1.0,1.0,26.0,1.0,1.0,1.0,1.0,31,2018-03-31 14:00:00
3,1,1.0,16,1,1.0,1.0,52.0,1.0,4.0,2.0,1.0,31,2015-03-20 17:45:00
2,1,1.0,14,1,1.0,2.0,23.0,1.0,1.0,3.0,1.0,22,2018-05-09 05:50:00
2,2,0.0,4,1,4.0,2.0,60.0,2.0,10.0,3.0,1.0,100,2019-08-15 18:05:00
2,1,1.0,9,1,1.0,1.0,33.0,1.0,13.0,0.0,1.0,31,2015-05-01 06:50:00
3,1,1.0,16,1,1.0,1.0,17.0,1.0,2.0,2.0,1.0,55,2018-12-06 18:00:00
3,1,1.0,6,1,1.0,1.0,52.0,1.0,4.0,2.0,1.0,31,2016-06-02 13:40:00
3,1,1.0,8,1,1.0,1.0,33.0,1.0,1.0,3.0,1.0,67,2017-07-27 04:00:00
2,1,1.0,16,1,1.0,1.0,19.0,1.0,10.0,3.0,1.0,13,2017-03-20 14:00:00
2,1,1.0,13,1,3.0,2.0,54.0,2.0,2.0,2.0,1.0,31,2019-05-13 06:30:00
3,1,1.0,12,1,1.0,1.0,27.0,2.0,1.0,3.0,1.0,31,2020-03-07 16:22:00
3,1,1.0,11,1,1.0,1.0,25.0,2.0,1.0,3.0,1.0,53,2020-09-20 10:34:00
3,1,1.0,10,1,1.0,1.0,37.0,1.0,1.0,3.0,1.0,13,2018-03-26 06:30:00
2,1,1.0,19,2,5.0,2.0,18.0,1.0,1.0,3.0,1.0,67,2018-09-15 05:30:00
3,1,1.0,2,1,1.0,1.0,34.0,1.0,1.0,3.0,1.0,31,2019-09-17 10:30:00
3,1,1.0,19,1,1.0,1.0,32.0,1.0,1.0,3.0,1.0,50,2016-12-28 21:00:00
2,1,1.0,4,2,3.0,2.0,0.0,1.0,1.0,2.0,1.0,22,2015-03-14 21:19:00
3,1,1.0,8,1,1.0,1.0,29.0,2.0,1.0,3.0,1.0,31,2019-09-19 17:06:00
3,1,1.0,16,1,1.0,1.0,58.0,1.0,1.0,3.0,1.0,13,2017-07-04 19:40:00
3,1,1.0,13,2,2.0,1.0,37.0,1.0,10.0,3.0,1.0,22,2017-04-28 18:50:00
2,1,1.0,9,1,1.0,1.0,60.0,1.0,13.0,0.0,1.0,4,2019-02-03 12:40:00
2,1,1.0,12,7,3.0,2.0,21.0,1.0,1.0,3.0,1.0,42,2020-01-25 17:45:00
2,1,1.0,4,2,2.0,1.0,36.0,1.0,10.0,3.0,1.0,32,2016-07-18 22:30:00
2,1,1.0,4,1,1.0,1.0,25.0,1.0,10.0,3.0,1.0,42,2016-05-07 23:10:00
3,1,1.0,14,1,1.0,1.0,52.0,1.0,10.0,3.0,1.0,31,2018-05-30 17:50:00
3,1,1.0,12,1,1.0,1.0,78.0,2.0,8.0,2.0,1.0,13,2019-08-29 11:00:00
3,1,1.0,11,11,1.0,1.0,25.0,1.0,2.0,2.0,1.0,13,2020-07-27 16:40:00
1,1,4.0,6,1,1.0,2.0,25.0,1.0,1.0,3.0,1.0,26,2019-10-31 04:50:00
3,1,1.0,6,1,1.0,1.0,37.0,1.0,1.0,2.0,1.0,31,2016-08-10 19:30:00
3,1,1.0,10,1,1.0,1.0,41.0,1.0,10.0,3.0,1.0,13,2020-12-18 22:58:00
3,1,4.0,18,1,1.0,1.0,35.0,1.0,2.0,2.0,1.0,26,2018-08-14 12:10:00
2,1,1.0,10,1,1.0,1.0,46.0,1.0,2.0,2.0,1.0,31,2018-01-10 16:00:00
1,2,0.0,12,1,4.0,3.0,51.0,1.0,1.0,3.0,1.0,101,2017-12-02 05:00:00
2,1,1.0,13,1,1.0,1.0,31.0,1.0,1.0,3.0,1.0,13,2019-06-03 16:35:00
3,1,1.0,1,1,1.0,1.0,33.0,1.0,1.0,3.0,1.0,13,2015-04-15 12:40:00
3,1,1.0,8,1,1.0,1.0,49.0,2.0,2.0,2.0,1.0,13,2018-08-18 19:22:00
3,1,1.0,1,1,1.0,1.0,52.0,1.0,2.0,2.0,1.0,42,2016-05-16 09:20:00
2,1,1.0,12,2,5.0,2.0,17.0,1.0,13.0,0.0,1.0,67,2019-08-23 13:24:00
3,1,1.0,18,1,1.0,1.0,59.0,1.0,1.0,3.0,1.0,31,2020-02-20 08:00:00
1,2,0.0,10,1,1.0,1.0,48.0,1.0,2.0,2.0,1.0,102,2016-01-12 19:48:00
2,1,1.0,7,1,3.0,2.0,35.0,2.0,10.0,3.0,1.0,42,2018-04-07 19:40:00
2,1,1.0,6,1,1.0,1.0,42.0,1.0,5.0,3.0,1.0,67,2018-03-17 08:00:00
3,1,1.0,4,2,1.0,1.0,39.0,1.0,1.0,3.0,1.0,22,2018-03-04 12:30:00
2,1,1.0,9,1,1.0,1.0,37.71525130603967,0.0,7.0,2.0,1.0,49,2015-09-15 12:30:00
3,1,1.0,11,2,1.0,1.0,41.0,1.0,1.0,1.0,2.0,22,2018-03-21 21:10:00
3,1,1.0,3,1,1.0,1.0,52.0,2.0,1.0,3.0,1.0,69,2019-12-24 07:29:00
2,1,1.0,19,1,1.0,1.0,54.0,1.0,13.0,0.0,1.0,22,2018-11-10 20:03:00
2,1,1.0,10,1,3.0,2.0,24.0,1.0,2.0,2.0,1.0,67,2015-09-29 06:15:00
2,1,1.0,12,1,1.0,1.0,43.0,1.0,5.0,3.0,1.0,16,2018-11-30 09:00:00
3,1,1.0,4,1,1.0,1.0,54.0,1.0,2.0,2.0,1.0,14,2019-12-28 14:11:00
3,1,1.0,10,1,1.0,1.0,37.71525130603967,0.0,1.0,3.0,1.0,31,2016-09-25 13:15:00
3,1,1.0,14,1,1.0,1.0,43.0,1.0,6.0,3.0,1.0,67,2019-02-14 13:20:00
3,1,1.0,3,1,1.0,1.0,40.0,1.0,1.0,2.0,1.0,31,2017-04-07 17:00:00
1,1,1.0,16,1,1.0,1.0,41.0,1.0,13.0,0.0,1.0,31,2018-11-23 07:30:00
2,2,0.0,10,1,1.0,1.0,36.0,1.0,13.0,0.0,1.0,16,2017-04-30 12:30:00
2,1,1.0,5,1,2.0,2.0,28.0,1.0,10.0,3.0,1.0,14,2019-01-08 08:00:00
3,1,1.0,13,1,1.0,1.0,50.0,1.0,4.0,3.0,1.0,13,2016-04-27 12:30:00
2,1,1.0,9,1,5.0,2.0,23.0,1.0,5.0,2.0,1.0,13,2019-10-01 16:30:00
3,1,1.0,2,1,1.0,1.0,50.0,1.0,1.0,2.0,1.0,31,2017-12-06 14:05:00
2,1,1.0,12,2,3.0,2.0,36.0,2.0,6.0,3.0,1.0,22,2017-02-14 08:35:00
3,1,1.0,13,1,1.0,1.0,19.0,1.0,1.0,3.0,1.0,31,2020-01-21 09:40:00
3,1,1.0,14,2,1.0,1.0,39.0,1.0,1.0,2.0,1.0,52,2019-08-05 01:10:00
2,1,1.0,11,1,1.0,1.0,62.0,1.0,1.0,3.0,1.0,84,2018-09-04 06:30:00
2,1,1.0,7,2,5.0,2.0,14.0,1.0,10.0,3.0,1.0,67,2018-08-28 20:10:00
3,1,1.0,8,1,1.0,1.0,53.0,1.0,5.0,3.0,1.0,31,2016-12-27 09:00:00
3,1,1.0,10,1,1.0,1.0,43.0,1.0,1.0,3.0,1.0,31,2015-08-26 18:00:00
3,1,1.0,11,1,1.0,1.0,57.0,1.0,1.0,3.0,1.0,32,2017-05-19 14:20:00
3,1,1.0,12,1,1.0,1.0,20.0,1.0,1.0,3.0,1.0,13,2017-05-15 22:00:00
3,1,1.0,12,1,1.0,1.0,66.0,1.0,1.0,3.0,1.0,31,2017-07-12 13:00:00
2,1,1.0,12,1,3.0,2.0,61.0,2.0,5.0,3.0,1.0,42,2015-09-17 16:45:00
3,1,1.0,16,2,1.0,1.0,44.0,1.0,1.0,3.0,1.0,22,2017-02-02 20:58:00
2,1,1.0,14,1,1.0,1.0,35.0,1.0,8.0,2.0,1.0,31,2020-04-11 15:30:00
3,1,1.0,1,1,1.0,1.0,29.0,1.0,1.0,3.0,1.0,31,2020-09-13 12:00:00
2,1,4.0,10,1,1.0,1.0,37.71525130603967,0.0,10.0,3.0,1.0,31,2016-09-11 07:50:00
3,1,1.0,2,1,1.0,1.0,30.0,1.0,6.0,3.0,1.0,13,2019-04-30 14:52:00
2,1,1.0,13,1,3.0,2.0,23.0,2.0,6.0,3.0,1.0,32,2015-04-15 07:30:00
3,1,1.0,11,1,1.0,1.0,23.0,1.0,1.0,3.0,1.0,31,2018-05-31 13:30:00
2,1,1.0,3,2,3.0,2.0,44.0,2.0,1.0,2.0,1.0,52,2017-10-17 23:58:00
3,1,1.0,14,2,1.0,1.0,51.0,2.0,1.0,3.0,1.0,55,2017-12-21 11:00:00
3,1,1.0,8,1,1.0,1.0,32.0,1.0,1.0,3.0,1.0,31,2016-06-20 12:14:00
3,1,1.0,8,1,1.0,1.0,23.0,1.0,1.0,2.0,1.0,13,2016-11-14 09:00:00
2,1,1.0,1,1,3.0,2.0,62.0,2.0,1.0,3.0,1.0,31,2015-05-09 12:40:00
3,1,1.0,10,1,1.0,1.0,32.0,1.0,4.0,2.0,1.0,31,2016-07-16 07:30:00
3,1,1.0,14,1,1.0,1.0,47.0,1.0,1.0,2.0,1.0,55,2020-03-08 11:38:00
3,1,1.0,10,1,1.0,1.0,30.0,1.0,1.0,3.0,1.0,31,2020-09-20 15:34:00
3,1,1.0,1,1,1.0,1.0,38.0,2.0,3.0,2.0,1.0,31,2016-12-19 09:30:00
2,1,1.0,11,2,1.0,1.0,34.0,2.0,1.0,3.0,1.0,32,2015-10-06 13:40:00
3,1,1.0,1,1,1.0,1.0,33.0,1.0,1.0,3.0,1.0,31,2015-10-25 02:00:00
3,1,1.0,10,1,1.0,1.0,34.0,1.0,1.0,3.0,1.0,31,2018-05-12 07:40:00
3,1,1.0,11,1,1.0,1.0,59.0,2.0,6.0,3.0,1.0,35,2019-08-01 14:40:00
2,1,1.0,6,2,1.0,1.0,45.0,1.0,10.0,3.0,1.0,22,2015-03-11 04:40:00
3,1,1.0,9,1,1.0,1.0,33.0,2.0,1.0,3.0,1.0,13,2016-12-04 21:00:00
3,1,1.0,11,2,1.0,1.0,63.0,2.0,1.0,3.0,1.0,31,2016-02-20 16:15:00
2,1,1.0,7,2,5.0,2.0,18.0,2.0,13.0,0.0,1.0,52,2018-11-16 21:30:00
3,1,1.0,6,1,1.0,1.0,19.0,1.0,1.0,3.0,1.0,13,2018-01-20 16:30:00
2,1,1.0,18,2,1.0,1.0,51.0,1.0,10.0,3.0,1.0,22,2015-04-21 13:15:00
2,1,1.0,7,2,5.0,2.0,20.0,2.0,1.0,3.0,1.0,32,2017-06-03 13:20:00
3,1,1.0,9,1,1.0,1.0,35.0,2.0,1.0,3.0,1.0,31,2018-04-30 07:55:00
3,1,1.0,1,1,1.0,1.0,37.0,1.0,2.0,2.0,1.0,67,2018-04-10 13:05:00
2,1,1.0,19,2,2.0,2.0,23.0,1.0,1.0,3.0,1.0,22,2020-11-23 11:10:00
3,1,1.0,9,1,1.0,1.0,39.0,1.0,1.0,3.0,1.0,67,2018-11-28 19:15:00
3,1,1.0,19,1,1.0,1.0,54.0,1.0,4.0,2.0,1.0,29,2016-02-05 21:15:00
2,1,1.0,8,1,1.0,1.0,24.0,1.0,10.0,3.0,1.0,9,2020-11-28 10:35:00
3,1,1.0,11,1,1.0,1.0,26.0,1.0,1.0,3.0,1.0,31,2015-03-03 16:15:00
2,1,1.0,13,1,1.0,1.0,47.0,1.0,5.0,3.0,1.0,31,2018-09-12 09:10:00
3,1,4.0,1,1,1.0,1.0,44.0,1.0,2.0,2.0,1.0,53,2015-05-29 15:30:00
3,1,1.0,11,1,1.0,1.0,28.0,1.0,1.0,2.0,1.0,13,2017-10-12 11:15:00
2,3,0.0,13,1,3.0,2.0,29.0,2.0,7.0,2.0,1.0,89,2015-01-12 17:42:00
2,1,1.0,13,1,2.0,1.0,36.0,1.0,1.0,3.0,1.0,16,2015-09-06 06:20:00
3,1,1.0,11,1,1.0,1.0,52.0,1.0,1.0,3.0,1.0,31,2018-06-17 11:45:00
2,1,1.0,10,1,1.0,1.0,27.0,1.0,6.0,3.0,1.0,31,2015-03-30 11:00:00
2,1,1.0,4,2,1.0,1.0,52.0,1.0,1.0,2.0,1.0,22,2015-02-17 07:00:00
3,1,1.0,10,1,1.0,1.0,54.0,1.0,2.0,2.0,1.0,31,2015-10-10 08:10:00
2,1,1.0,16,1,3.0,2.0,18.0,2.0,10.0,3.0,1.0,13,2019-04-06 18:40:00
3,1,1.0,1,1,1.0,1.0,35.0,1.0,1.0,3.0,1.0,9,2017-09-16 13:55:00
3,1,1.0,1,1,1.0,1.0,34.0,2.0,2.0,2.0,1.0,44,2017-02-12 14:50:00
3,1,1.0,10,1,1.0,1.0,39.0,1.0,2.0,2.0,1.0,44,2018-04-25 13:00:00
2,1,1.0,8,2,1.0,1.0,24.0,1.0,10.0,3.0,1.0,22,2017-03-19 21:05:00
2,2,0.0,16,1,4.0,2.0,58.0,1.0,1.0,3.0,1.0,44,2018-12-07 13:30:00
3,1,1.0,1,1,1.0,1.0,37.71525130603967,0.0,1.0,1.0,2.0,67,2017-11-04 01:00:00
3,1,1.0,11,1,1.0,1.0,45.0,2.0,7.0,3.0,1.0,15,2017-03-16 06:39:00
3,1,1.0,14,1,1.0,1.0,46.0,1.0,1.0,3.0,1.0,67,2019-06-21 19:45:00
3,1,1.0,4,1,1.0,1.0,33.0,1.0,4.0,2.0,1.0,67,2018-07-07 17:20:00
2,1,1.0,1,1,1.0,1.0,27.0,1.0,1.0,3.0,1.0,51,2015-02-11 21:15:00
3,1,1.0,15,1,1.0,1.0,54.0,1.0,4.0,2.0,1.0,67,2019-04-10 09:00:00
3,1,1.0,6,1,1.0,1.0,55.0,1.0,10.0,3.0,1.0,51,2018-05-04 14:30:00
3,1,1.0,13,1,1.0,1.0,22.0,2.0,1.0,3.0,1.0,31,2018-03-21 11:30:00
2,1,1.0,18,1,1.0,1.0,27.0,1.0,7.0,2.0,1.0,1,2016-04-28 13:00:00
3,1,1.0,8,1,1.0,1.0,20.0,1.0,4.0,2.0,1.0,13,2020-09-07 09:50:00
2,6,0.0,7,1,3.0,2.0,19.0,2.0,2.0,2.0,1.0,67,2017-08-13 22:00:00
2,1,1.0,9,1,1.0,1.0,54.0,1.0,10.0,3.0,1.0,42,2020-05-23 08:20:00
3,1,1.0,15,1,1.0,1.0,25.0,1.0,4.0,2.0,1.0,13,2019-06-15 07:15:00
3,1,1.0,16,1,1.0,1.0,52.0,1.0,1.0,3.0,1.0,13,2020-02-21 19:40:00
1,1,1.0,19,1,1.0,1.0,36.0,1.0,1.0,3.0,1.0,31,2020-10-16 03:45:00
1,3,0.0,10,4,1.0,1.0,38.0,1.0,1.0,2.0,1.0,9,2019-08-10 22:20:00
2,1,1.0,11,2,3.0,2.0,21.0,1.0,1.0,3.0,1.0,22,2016-06-08 16:40:00
2,2,0.0,4,2,4.0,2.0,1.0,2.0,1.0,2.0,1.0,100,2018-08-29 07:05:00
2,1,1.0,11,2,1.0,1.0,40.0,1.0,10.0,3.0,1.0,67,2016-10-06 07:15:00
3,1,1.0,12,1,1.0,1.0,41.0,1.0,1.0,2.0,1.0,31,2015-05-15 11:30:00
2,1,1.0,12,1,3.0,2.0,24.0,2.0,10.0,3.0,1.0,89,2019-05-22 07:33:00
2,2,0.0,16,1,4.0,2.0,63.0,2.0,1.0,3.0,1.0,102,2015-04-17 11:00:00
3,1,1.0,8,1,1.0,1.0,60.0,1.0,1.0,3.0,1.0,13,2018-10-01 11:10:00
2,1,1.0,2,1,1.0,1.0,25.0,1.0,1.0,3.0,1.0,31,2019-07-27 17:00:00
3,1,1.0,1,1,1.0,1.0,38.0,1.0,5.0,3.0,1.0,67,2017-04-13 12:30:00
3,1,1.0,12,1,1.0,1.0,64.0,1.0,5.0,3.0,1.0,67,2016-05-04 13:30:00
3,1,1.0,10,1,1.0,1.0,22.0,1.0,5.0,3.0,1.0,53,2018-08-21 12:30:00
3,1,1.0,17,2,1.0,1.0,21.0,1.0,1.0,3.0,1.0,31,2017-12-28 18:00:00
2,1,1.0,18,2,3.0,2.0,28.0,2.0,1.0,3.0,1.0,22,2018-04-15 06:57:00
2,1,1.0,16,1,2.0,2.0,42.0,1.0,1.0,1.0,1.0,67,2020-10-11 06:10:00
2,1,4.0,4,1,4.0,2.0,6.0,1.0,13.0,0.0,1.0,1,2015-10-16 21:30:00
3,1,1.0,1,4,1.0,1.0,22.0,1.0,1.0,3.0,1.0,67,2019-09-14 16:04:00
3,1,1.0,12,1,1.0,1.0,47.0,1.0,1.0,2.0,1.0,13,2018-09-14 11:50:00
2,1,1.0,14,2,2.0,2.0,23.0,1.0,10.0,3.0,1.0,13,2016-06-17 06:35:00
3,1,1.0,15,1,1.0,1.0,26.0,1.0,4.0,2.0,1.0,31,2016-05-16 14:00:00
2,1,1.0,11,1,2.0,2.0,32.0,1.0,1.0,3.0,1.0,29,2018-05-19 18:20:00
2,1,1.0,18,2,1.0,1.0,37.71525130603967,0.0,10.0,3.0,1.0,22,2019-12-18 05:00:00
2,1,1.0,6,1,2.0,2.0,23.0,1.0,2.0,2.0,1.0,22,2020-05-30 16:03:00
3,1,1.0,16,1,1.0,1.0,29.0,1.0,1.0,2.0,1.0,22,2018-04-30 08:00:00
2,1,1.0,16,1,2.0,2.0,40.0,1.0,10.0,3.0,1.0,43,2018-07-09 07:10:00
3,1,1.0,8,1,1.0,1.0,31.0,1.0,1.0,3.0,1.0,67,2016-06-28 16:10:00
3,1,1.0,1,1,1.0,1.0,55.0,1.0,1.0,3.0,1.0,31,2019-04-27 11:15:00
3,1,4.0,2,1,1.0,1.0,18.0,1.0,5.0,2.0,1.0,64,2018-08-31 16:50:00
3,1,1.0,11,1,2.0,1.0,24.0,1.0,1.0,3.0,1.0,67,2015-05-28 12:00:00
3,1,1.0,18,1,1.0,1.0,40.0,1.0,4.0,2.0,1.0,13,2016-01-03 21:20:00
3,1,1.0,14,1,1.0,1.0,22.0,1.0,10.0,3.0,1.0,31,2019-06-30 16:00:00
2,1,1.0,13,1,1.0,1.0,34.0,1.0,4.0,2.0,1.0,31,2019-03-23 11:00:00
3,1,1.0,1,2,1.0,1.0,59.0,2.0,5.0,2.0,1.0,13,2019-02-04 17:50:00
2,1,1.0,2,2,1.0,1.0,20.0,1.0,10.0,3.0,1.0,22,2015-08-16 17:05:00
1,1,1.0,10,1,1.0,1.0,22.0,1.0,0.0,0.0,2.0,9,2020-03-11 06:05:00
3,1,1.0,11,2,1.0,1.0,36.0,1.0,1.0,2.0,1.0,52,2017-07-24 09:50:00
3,1,1.0,13,1,1.0,1.0,53.0,1.0,1.0,3.0,1.0,31,2018-01-21 13:15:00
3,1,1.0,12,1,1.0,1.0,48.0,1.0,2.0,2.0,1.0,55,2017-02-13 22:00:00
3,1,1.0,8,1,1.0,1.0,23.0,1.0,1.0,3.0,1.0,31,2018-03-14 14:50:00
3,1,1.0,14,2,1.0,1.0,29.0,1.0,1.0,2.0,1.0,22,2016-03-14 08:20:00
3,1,1.0,9,1,1.0,1.0,34.0,2.0,1.0,3.0,1.0,13,2018-07-07 20:00:00
2,1,1.0,10,1,2.0,1.0,29.0,1.0,13.0,0.0,1.0,9,2016-10-06 08:20:00
3,1,1.0,13,2,1.0,1.0,39.0,1.0,1.0,2.0,1.0,67,2017-05-24 07:50:00
3,1,1.0,10,1,1.0,1.0,48.0,1.0,1.0,3.0,1.0,14,2016-05-30 08:40:00
3,1,1.0,10,1,1.0,1.0,29.0,1.0,1.0,3.0,1.0,13,2017-08-27 16:30:00
2,1,1.0,10,1,1.0,1.0,26.0,1.0,1.0,3.0,1.0,22,2015-03-12 05:30:00
3,1,1.0,8,1,2.0,1.0,41.0,1.0,3.0,2.0,1.0,31,2017-06-24 10:10:00
3,1,1.0,8,1,1.0,1.0,21.0,1.0,7.0,2.0,1.0,13,2017-07-26 17:36:00
3,1,1.0,1,1,1.0,1.0,59.0,1.0,8.0,2.0,1.0,13,2015-01-16 10:10:00
2,1,1.0,19,1,1.0,1.0,59.0,1.0,10.0,3.0,1.0,67,2018-03-27 13:20:00
3,1,1.0,9,1,1.0,1.0,28.0,1.0,1.0,3.0,1.0,49,2017-06-14 06:55:00
3,1,1.0,7,1,1.0,1.0,65.0,1.0,4.0,2.0,1.0,31,2019-11-05 04:30:00
3,1,1.0,13,7,1.0,1.0,58.0,2.0,2.0,2.0,1.0,31,2019-08-21 16:05:00
3,1,1.0,1,1,1.0,1.0,29.0,1.0,1.0,3.0,1.0,31,2018-04-08 09:20:00
2,1,1.0,8,2,1.0,1.0,17.0,1.0,10.0,3.0,1.0,33,2015-07-02 22:30:00
2,1,1.0,16,1,3.0,2.0,30.0,2.0,1.0,3.0,1.0,13,2019-03-31 14:02:00
2,4,0.0,4,1,3.0,2.0,64.0,2.0,2.0,2.0,1.0,64,2015-11-19 05:45:00
3,1,1.0,11,1,1.0,1.0,35.0,1.0,5.0,3.0,1.0,31,2015-05-16 21:05:00
3,1,1.0,7,1,1.0,1.0,53.0,1.0,1.0,2.0,1.0,33,2017-01-27 16:00:00
3,1,1.0,10,1,1.0,1.0,48.0,1.0,7.0,2.0,1.0,44,2018-04-07 14:20:00
3,1,1.0,7,1,1.0,1.0,35.0,1.0,2.0,2.0,1.0,13,2019-11-05 21:30:00
3,1,1.0,15,1,1.0,1.0,43.0,1.0,5.0,3.0,1.0,13,2020-05-22 09:43:00
3,1,1.0,10,1,1.0,1.0,39.0,1.0,2.0,2.0,1.0,13,2019-12-14 06:29:00
2,4,0.0,12,1,1.0,1.0,37.71525130603967,0.0,1.0,1.0,2.0,91,2015-10-13 06:00:00
3,1,1.0,2,1,1.0,1.0,59.0,2.0,6.0,3.0,1.0,31,2017-08-23 12:58:00
2,1,1.0,5,1,3.0,2.0,20.0,1.0,2.0,2.0,1.0,55,2016-08-18 08:00:00
3,1,1.0,9,1,1.0,1.0,50.0,1.0,1.0,3.0,1.0,44,2019-05-24 18:20:00
2,1,1.0,9,1,1.0,1.0,22.0,1.0,1.0,2.0,1.0,31,2017-04-12 14:00:00
2,1,1.0,19,1,1.0,2.0,28.0,1.0,2.0,2.0,1.0,24,2020-07-14 06:54:00
3,1,1.0,11,2,1.0,1.0,34.0,1.0,1.0,2.0,1.0,22,2015-07-15 16:00:00
3,1,1.0,2,1,1.0,1.0,41.0,1.0,2.0,2.0,1.0,53,2015-01-22 18:00:00
3,1,1.0,2,1,1.0,1.0,26.0,2.0,1.0,3.0,1.0,13,2016-07-26 19:50:00
3,1,1.0,8,1,1.0,1.0,22.0,1.0,1.0,3.0,1.0,31,2020-01-18 19:30:00
3,1,1.0,10,1,1.0,1.0,48.0,1.0,5.0,2.0,1.0,13,2017-11-13 12:00:00
3,1,1.0,8,1,1.0,1.0,59.0,1.0,2.0,2.0,1.0,22,2018-06-08 06:48:00
2,2,0.0,6,1,4.0,2.0,37.0,1.0,10.0,3.0,1.0,102,2016-02-08 07:35:00
3,1,1.0,16,1,2.0,1.0,26.0,1.0,10.0,3.0,1.0,31,2018-08-14 13:40:00
2,4,0.0,15,1,1.0,1.0,37.0,1.0,7.0,2.0,1.0,64,2015-11-27 19:15:00
3,1,1.0,16,2,2.0,1.0,22.0,1.0,10.0,3.0,1.0,42,2020-11-24 22:05:00
2,1,1.0,1,1,3.0,2.0,48.0,1.0,1.0,3.0,1.0,22,2016-11-20 17:25:00
2,2,0.0,13,1,2.0,2.0,22.0,1.0,10.0,3.0,1.0,95,2018-08-02 20:00:00
2,1,1.0,8,1,3.0,2.0,32.0,2.0,7.0,2.0,1.0,31,2020-12-24 13:40:00
3,1,1.0,8,1,1.0,1.0,44.0,1.0,1.0,3.0,1.0,13,2017-01-07 10:00:00
2,1,1.0,4,1,2.0,1.0,26.0,1.0,10.0,3.0,1.0,22,2017-06-27 18:45:00
2,4,0.0,13,1,3.0,2.0,23.0,2.0,7.0,2.0,1.0,108,2019-11-23 10:20:00
3,1,1.0,7,1,1.0,1.0,30.0,1.0,2.0,2.0,1.0,22,2018-07-05 12:45:00
3,1,1.0,7,2,1.0,1.0,44.0,1.0,2.0,2.0,1.0,37,2019-06-30 06:05:00
3,1,1.0,13,1,1.0,1.0,34.0,1.0,1.0,3.0,1.0,31,2020-11-19 13:00:00
3,1,1.0,19,1,1.0,1.0,39.0,1.0,2.0,2.0,1.0,31,2018-04-23 17:30:00
2,1,1.0,1,1,2.0,2.0,42.0,1.0,1.0,3.0,1.0,13,2017-11-10 18:30:00
3,1,1.0,1,1,1.0,1.0,36.0,1.0,1.0,3.0,1.0,31,2019-01-20 09:45:00
3,1,1.0,16,1,1.0,1.0,54.0,1.0,1.0,3.0,1.0,67,2018-03-11 19:45:00
3,1,1.0,15,1,1.0,1.0,20.0,1.0,5.0,2.0,1.0,22,2015-09-02 16:00:00
3,1,1.0,14,1,1.0,1.0,27.0,1.0,4.0,2.0,1.0,13,2017-02-20 05:15:00
2,1,1.0,18,1,1.0,1.0,41.0,1.0,8.0,2.0,1.0,67,2015-02-27 12:45:00
3,1,1.0,1,1,1.0,1.0,18.0,1.0,1.0,3.0,1.0,31,2018-12-03 15:30:00
3,1,1.0,9,1,1.0,1.0,68.0,1.0,4.0,2.0,1.0,13,2018-05-04 06:00:00
3,1,1.0,8,1,1.0,1.0,26.0,1.0,8.0,2.0,1.0,31,2017-08-09 07:00:00
2,1,1.0,19,2,1.0,1.0,31.0,1.0,1.0,3.0,1.0,52,2020-11-30 22:36:00
3,1,1.0,3,2,1.0,1.0,52.0,1.0,1.0,2.0,1.0,22,2019-11-27 17:00:00
2,1,1.0,7,1,2.0,1.0,53.0,1.0,13.0,0.0,1.0,22,2019-06-09 07:00:00
2,4,0.0,7,1,3.0,2.0,56.0,2.0,3.0,2.0,1.0,53,2020-03-18 15:30:00
3,1,1.0,15,1,1.0,1.0,29.0,1.0,1.0,3.0,1.0,67,2017-05-20 15:00:00
2,1,1.0,9,1,1.0,1.0,21.0,1.0,10.0,3.0,1.0,26,2015-08-15 16:10:00
2,4,0.0,7,1,3.0,2.0,54.0,2.0,2.0,2.0,1.0,108,2015-09-23 08:20:00
3,1,1.0,16,2,1.0,1.0,36.0,1.0,6.0,3.0,1.0,13,2015-01-08 17:05:00
3,1,1.0,14,1,1.0,1.0,41.0,1.0,1.0,2.0,1.0,44,2019-03-27 13:22:00
2,2,0.0,11,1,4.0,2.0,40.0,2.0,1.0,2.0,1.0,100,2019-04-25 13:00:00
3,1,1.0,10,2,1.0,1.0,86.0,1.0,1.0,3.0,1.0,31,2017-03-04 16:10:00
2,1,1.0,8,2,3.0,2.0,48.0,2.0,13.0,0.0,1.0,67,2020-10-23 06:00:00
3,1,1.0,1,1,1.0,1.0,59.0,1.0,1.0,3.0,1.0,13,2015-08-04 12:10:00
3,1,1.0,1,2,1.0,1.0,32.0,1.0,5.0,3.0,1.0,22,2017-04-21 12:46:00
2,1,1.0,1,2,1.0,1.0,37.71525130603967,0.0,5.0,3.0,1.0,22,2017-10-28 15:15:00
2,1,1.0,8,2,1.0,1.0,38.0,1.0,1.0,3.0,1.0,22,2015-12-19 20:20:00
2,1,1.0,7,2,2.0,2.0,28.0,1.0,10.0,3.0,1.0,22,2019-08-22 07:25:00
3,1,1.0,12,2,1.0,1.0,36.0,2.0,5.0,2.0,1.0,22,2015-06-26 09:30:00
3,1,1.0,1,1,1.0,1.0,21.0,1.0,1.0,3.0,1.0,31,2019-05-04 15:30:00
3,1,1.0,11,1,1.0,1.0,29.0,1.0,1.0,3.0,1.0,31,2019-11-21 08:22:00
3,1,1.0,15,1,1.0,1.0,34.0,1.0,7.0,2.0,1.0,67,2017-05-01 13:00:00
3,1,1.0,11,1,1.0,1.0,47.0,1.0,5.0,3.0,1.0,13,2019-04-03 12:11:00
3,1,1.0,12,1,1.0,1.0,22.0,1.0,1.0,3.0,1.0,44,2017-11-11 07:45:00
3,1,1.0,2,1,1.0,1.0,21.0,1.0,1.0,3.0,1.0,31,2017-10-03 10:30:00
3,1,1.0,13,1,1.0,1.0,34.0,1.0,1.0,3.0,1.0,31,2018-06-05 13:00:00
3,1,1.0,1,1,1.0,1.0,46.0,1.0,5.0,3.0,1.0,31,2019-11-08 13:05:00
2,1,1.0,19,2,1.0,2.0,49.0,1.0,1.0,2.0,1.0,22,2020-07-27 21:28:00
3,1,1.0,10,1,1.0,1.0,44.0,1.0,8.0,2.0,1.0,31,2019-05-21 18:30:00
3,1,1.0,2,1,2.0,1.0,29.0,1.0,5.0,3.0,1.0,9,2019-10-10 09:00:00
2,1,1.0,10,2,1.0,1.0,56.0,1.0,10.0,3.0,1.0,22,2015-07-30 08:46:00
2,1,1.0,8,1,5.0,2.0,24.0,2.0,1.0,2.0,1.0,67,2020-10-06 17:03:00
2,2,0.0,6,1,4.0,2.0,49.0,2.0,1.0,3.0,1.0,35,2019-04-23 19:00:00
3,1,1.0,17,1,1.0,1.0,27.0,1.0,4.0,1.0,1.0,13,2017-02-17 11:30:00
3,1,1.0,11,1,1.0,1.0,46.0,1.0,1.0,1.0,1.0,31,2018-10-22 18:46:00
3,1,1.0,13,1,2.0,1.0,31.0,1.0,1.0,3.0,1.0,13,2019-12-10 13:39:00
2,1,1.0,8,1,1.0,1.0,39.0,1.0,1.0,3.0,1.0,52,2017-07-08 20:20:00
3,1,1.0,9,1,1.0,1.0,24.0,1.0,2.0,2.0,1.0,31,2019-12-23 14:25:00
3,1,1.0,8,1,1.0,1.0,44.0,1.0,1.0,3.0,1.0,31,2019-11-29 15:32:00
3,1,1.0,10,2,1.0,1.0,39.0,1.0,10.0,3.0,1.0,22,2020-07-11 12:03:00
3,1,1.0,8,1,1.0,1.0,30.0,1.0,1.0,3.0,1.0,31,2015-06-01 13:50:00
3,1,1.0,8,1,1.0,1.0,49.0,1.0,6.0,3.0,1.0,31,2019-01-26 13:00:00
3,1,1.0,1,1,1.0,1.0,57.0,1.0,6.0,3.0,1.0,31,2015-10-21 08:50:00
3,1,1.0,10,1,1.0,1.0,20.0,1.0,1.0,3.0,1.0,31,2016-01-08 12:10:00
2,1,4.0,4,1,3.0,2.0,38.0,1.0,1.0,3.0,1.0,25,2015-08-16 06:05:00
3,1,1.0,16,1,1.0,1.0,35.0,1.0,5.0,2.0,1.0,13,2015-04-29 19:30:00
3,1,1.0,9,1,1.0,1.0,30.0,1.0,8.0,2.0,1.0,51,2016-02-16 08:05:00
2,2,0.0,7,2,4.0,2.0,78.0,2.0,10.0,3.0,1.0,22,2017-03-23 17:50:00
2,1,1.0,2,1,3.0,2.0,66.0,1.0,1.0,2.0,1.0,31,2020-01-14 11:56:00
3,1,1.0,8,1,1.0,1.0,21.0,2.0,6.0,3.0,1.0,14,2015-06-27 12:40:00
3,1,1.0,10,1,1.0,1.0,31.0,1.0,5.0,3.0,1.0,31,2017-10-28 18:50:00
3,1,1.0,12,2,1.0,1.0,53.0,2.0,6.0,3.0,1.0,22,2020-11-17 10:50:00
2,1,1.0,18,2,1.0,1.0,31.0,1.0,10.0,3.0,1.0,22,2020-09-27 18:43:00
3,1,1.0,11,2,1.0,1.0,28.0,1.0,5.0,3.0,1.0,13,2017-03-29 15:10:00
2,1,1.0,10,2,5.0,2.0,14.0,2.0,13.0,0.0,1.0,67,2020-08-07 08:46:00
3,1,1.0,13,1,1.0,1.0,48.0,1.0,5.0,3.0,1.0,44,2019-05-30 18:00:00
3,1,1.0,10,1,1.0,1.0,54.0,0.0,4.0,2.0,1.0,13,2015-03-03 19:30:00
3,1,1.0,16,7,1.0,1.0,47.0,1.0,4.0,1.0,1.0,31,2016-11-23 07:30:00
3,1,1.0,2,1,1.0,1.0,41.0,1.0,2.0,2.0,1.0,13,2015-11-29 13:20:00
3,1,1.0,7,1,1.0,1.0,42.0,1.0,1.0,3.0,1.0,31,2017-10-28 21:30:00
3,1,1.0,4,1,1.0,1.0,39.0,1.0,5.0,2.0,1.0,31,2017-01-18 16:10:00
3,1,1.0,8,1,1.0,1.0,52.0,1.0,5.0,3.0,1.0,13,2017-12-25 19:20:00
2,1,1.0,1,1,1.0,1.0,31.0,1.0,5.0,2.0,1.0,20,2016-03-27 15:10:00
2,1,4.0,14,1,3.0,2.0,24.0,1.0,2.0,2.0,1.0,83,2018-05-13 23:40:00
3,1,1.0,2,1,1.0,1.0,23.0,1.0,5.0,3.0,1.0,13,2017-12-13 09:10:00
2,2,0.0,3,1,4.0,2.0,38.0,1.0,1.0,3.0,1.0,102,2019-06-11 14:24:00
3,1,1.0,11,1,1.0,1.0,30.0,2.0,5.0,3.0,1.0,31,2019-01-25 07:10:00
2,1,1.0,15,1,1.0,1.0,29.0,1.0,5.0,2.0,1.0,22,2015-04-13 15:00:00
3,1,1.0,10,1,1.0,1.0,45.0,1.0,5.0,2.0,1.0,13,2016-01-14 09:50:00
3,1,1.0,2,1,1.0,1.0,50.0,1.0,5.0,3.0,1.0,31,2019-12-13 17:40:00
3,1,1.0,4,1,2.0,1.0,24.0,1.0,10.0,3.0,1.0,67,2015-04-29 07:00:00
3,1,1.0,12,1,5.0,1.0,43.0,2.0,13.0,0.0,1.0,5,2019-12-01 11:30:00
3,1,1.0,14,1,1.0,1.0,29.0,1.0,1.0,2.0,1.0,31,2015-11-26 03:00:00
2,1,1.0,19,1,1.0,1.0,55.0,1.0,10.0,3.0,1.0,52,2018-07-19 05:20:00
2,1,1.0,9,1,1.0,1.0,45.0,1.0,7.0,2.0,1.0,31,2017-08-20 11:40:00
2,2,0.0,16,1,4.0,2.0,20.0,1.0,5.0,2.0,1.0,55,2019-04-26 15:39:00
3,1,1.0,8,1,1.0,1.0,21.0,1.0,1.0,3.0,1.0,42,2017-07-31 11:30:00
2,1,1.0,11,1,1.0,1.0,37.71525130603967,0.0,1.0,2.0,1.0,13,2019-09-07 07:10:00
3,1,1.0,9,1,1.0,1.0,36.0,1.0,3.0,2.0,1.0,13,2018-08-08 09:55:00
3,1,1.0,8,1,1.0,1.0,30.0,1.0,4.0,2.0,1.0,33,2018-10-22 10:50:00
2,1,1.0,11,1,2.0,2.0,20.0,1.0,10.0,3.0,1.0,14,2017-12-30 14:50:00
2,1,1.0,12,2,2.0,2.0,21.0,1.0,10.0,3.0,1.0,42,2020-06-23 14:56:00
2,2,0.0,3,1,1.0,1.0,38.0,2.0,1.0,3.0,1.0,67,2020-01-20 12:24:00
2,1,1.0,3,1,2.0,2.0,22.0,1.0,5.0,2.0,1.0,13,2018-03-20 08:35:00
3,1,1.0,8,1,1.0,1.0,22.0,1.0,5.0,2.0,1.0,31,2016-10-22 12:20:00
3,1,1.0,14,1,1.0,1.0,38.0,1.0,1.0,3.0,1.0,31,2017-11-28 17:30:00
2,1,1.0,12,1,1.0,1.0,35.0,1.0,6.0,3.0,1.0,31,2016-07-29 15:00:00
3,1,1.0,12,2,2.0,1.0,37.0,1.0,1.0,3.0,1.0,22,2016-09-12 19:45:00
2,1,1.0,9,1,2.0,2.0,43.0,2.0,3.0,2.0,1.0,55,2019-06-03 13:30:00
3,1,1.0,19,2,1.0,1.0,36.0,1.0,5.0,3.0,1.0,67,2017-11-26 01:47:00
3,1,1.0,6,1,1.0,1.0,30.0,1.0,1.0,3.0,1.0,68,2016-11-19 19:20:00
3,1,1.0,8,1,1.0,1.0,31.0,1.0,1.0,3.0,1.0,22,2019-07-19 08:20:00
2,2,0.0,3,1,4.0,2.0,38.0,1.0,1.0,2.0,1.0,100,2016-03-04 17:45:00
2,2,0.0,19,1,1.0,1.0,62.0,1.0,1.0,3.0,1.0,100,2015-11-12 10:10:00
2,4,0.0,6,1,3.0,2.0,77.0,2.0,7.0,2.0,1.0,108,2016-03-27 13:30:00
3,1,1.0,1,2,1.0,1.0,58.0,1.0,2.0,2.0,1.0,67,2016-02-18 06:03:00
3,1,1.0,1,1,1.0,1.0,29.0,1.0,4.0,1.0,1.0,67,2016-04-22 06:00:00
2,4,0.0,11,1,3.0,2.0,59.0,2.0,2.0,2.0,1.0,108,2019-11-06 07:40:00
3,1,1.0,8,10,1.0,1.0,55.0,1.0,1.0,3.0,1.0,44,2018-09-12 16:45:00
3,1,1.0,11,1,1.0,1.0,74.0,1.0,5.0,3.0,1.0,44,2015-11-25 16:20:00
3,1,1.0,8,1,1.0,1.0,37.71525130603967,0.0,1.0,3.0,1.0,31,2020-12-12 20:30:00
3,1,4.0,8,1,1.0,1.0,28.0,1.0,5.0,2.0,1.0,53,2019-03-08 02:50:00
3,1,1.0,7,1,1.0,1.0,37.0,1.0,1.0,3.0,1.0,25,2017-02-18 23:30:00
3,1,1.0,18,1,1.0,1.0,60.0,1.0,1.0,2.0,1.0,25,2017-04-08 08:15:00
3,1,1.0,18,1,1.0,1.0,49.0,1.0,5.0,3.0,1.0,22,2019-01-30 07:30:00
1,2,0.0,3,1,1.0,1.0,37.71525130603967,0.0,0.0,0.0,2.0,67,2019-07-13 16:30:00
2,1,1.0,14,2,1.0,1.0,49.0,1.0,10.0,3.0,1.0,42,2016-05-27 18:50:00
2,1,1.0,8,2,5.0,2.0,21.0,1.0,13.0,0.0,1.0,67,2019-02-02 06:44:00
3,1,1.0,1,1,5.0,1.0,41.0,1.0,1.0,3.0,1.0,67,2020-01-06 07:41:00
3,1,1.0,10,2,1.0,1.0,47.0,1.0,5.0,2.0,1.0,52,2019-07-10 10:48:00
3,1,1.0,7,1,1.0,1.0,56.0,1.0,1.0,3.0,1.0,13,2019-10-15 21:00:00
2,2,0.0,4,1,2.0,1.0,21.0,1.0,10.0,3.0,1.0,102,2016-01-15 08:30:00
3,1,1.0,19,1,1.0,1.0,34.0,1.0,2.0,2.0,1.0,51,2015-11-27 07:30:00
3,1,1.0,8,1,1.0,1.0,34.0,1.0,1.0,2.0,1.0,13,2018-11-13 18:30:00
3,1,1.0,15,7,1.0,1.0,21.0,1.0,5.0,2.0,1.0,13,2018-11-15 15:30:00
2,1,1.0,12,1,2.0,2.0,28.0,1.0,10.0,3.0,1.0,13,2019-03-02 17:49:00
3,1,1.0,16,1,2.0,1.0,26.0,2.0,10.0,3.0,1.0,31,2019-05-15 06:30:00
3,1,1.0,13,1,1.0,1.0,25.0,2.0,1.0,3.0,1.0,31,2016-04-04 10:10:00
3,1,1.0,4,10,2.0,1.0,20.0,1.0,10.0,3.0,1.0,83,2020-11-11 22:24:00
3,1,1.0,1,1,1.0,1.0,22.0,1.0,0.0,0.0,2.0,52,2019-12-20 01:30:00
3,1,1.0,13,1,1.0,1.0,45.0,1.0,5.0,2.0,1.0,31,2016-11-22 15:50:00
3,1,1.0,11,1,1.0,1.0,27.0,1.0,4.0,2.0,1.0,44,2017-03-07 02:40:00
2,4,0.0,11,1,3.0,2.0,68.0,2.0,7.0,2.0,1.0,55,2015-11-30 17:20:00
2,1,1.0,11,2,1.0,1.0,47.0,1.0,13.0,0.0,1.0,42,2019-03-26 23:10:00
3,1,1.0,2,1,1.0,1.0,52.0,1.0,4.0,2.0,1.0,13,2019-11-12 06:28:00
3,1,4.0,12,1,1.0,1.0,37.71525130603967,0.0,1.0,3.0,1.0,24,2020-05-31 10:29:00
3,1,1.0,9,1,1.0,1.0,29.0,1.0,1.0,3.0,1.0,67,2019-01-02 02:50:00
1,1,4.0,13,1,1.0,1.0,37.0,1.0,10.0,3.0,1.0,24,2016-08-02 01:20:00
3,1,1.0,11,1,1.0,1.0,25.0,1.0,1.0,3.0,1.0,31,2018-01-06 01:25:00
2,1,1.0,8,2,2.0,2.0,31.0,1.0,1.0,3.0,1.0,14,2017-12-05 18:50:00
3,1,1.0,18,1,1.0,1.0,61.0,1.0,5.0,3.0,1.0,37,2020-05-25 18:25:00
3,1,1.0,13,2,1.0,1.0,23.0,1.0,5.0,1.0,1.0,52,2020-11-15 20:00:00
3,1,1.0,19,1,1.0,1.0,50.0,1.0,2.0,2.0,1.0,14,2018-11-24 20:30:00
3,1,1.0,1,2,1.0,1.0,56.0,1.0,1.0,3.0,1.0,42,2017-03-22 12:20:00
3,1,1.0,2,1,1.0,1.0,40.0,2.0,5.0,2.0,1.0,31,2017-10-17 10:40:00
3,1,1.0,2,1,1.0,1.0,40.0,1.0,5.0,3.0,1.0,31,2015-06-01 08:00:00
3,1,1.0,8,2,1.0,1.0,40.0,1.0,4.0,2.0,1.0,13,2019-12-16 16:40:00
3,1,1.0,16,1,1.0,1.0,38.0,1.0,4.0,2.0,1.0,14,2019-09-09 17:45:00
2,4,0.0,1,4,1.0,1.0,37.0,1.0,2.0,2.0,1.0,108,2017-02-22 12:54:00
2,1,1.0,3,1,1.0,1.0,23.0,1.0,13.0,0.0,1.0,16,2018-12-06 16:20:00
2,1,1.0,7,1,1.0,1.0,38.0,1.0,10.0,3.0,1.0,22,2018-05-18 08:40:00
3,1,1.0,1,1,1.0,1.0,41.0,2.0,6.0,3.0,1.0,31,2018-08-07 14:20:00
3,1,1.0,14,1,1.0,1.0,47.0,1.0,5.0,3.0,1.0,31,2017-06-20 15:00:00
2,1,1.0,9,1,2.0,2.0,20.0,1.0,7.0,2.0,1.0,9,2017-11-17 05:30:00
3,1,1.0,10,1,1.0,1.0,39.0,1.0,1.0,2.0,1.0,67,2018-05-19 14:00:00
3,1,1.0,12,1,2.0,1.0,19.0,1.0,5.0,2.0,1.0,31,2017-07-20 13:00:00
3,1,1.0,17,1,1.0,1.0,42.0,1.0,1.0,2.0,1.0,22,2019-06-07 19:45:00
2,1,1.0,11,1,1.0,1.0,67.0,1.0,1.0,3.0,1.0,9,2015-07-30 13:30:00
3,1,1.0,2,1,1.0,1.0,63.0,1.0,1.0,3.0,1.0,89,2020-09-02 13:30:00
3,1,1.0,12,2,1.0,1.0,39.0,1.0,1.0,3.0,1.0,13,2019-11-10 22:20:00
3,1,1.0,8,1,1.0,1.0,52.0,1.0,1.0,3.0,1.0,31,2018-11-05 21:00:00
3,1,1.0,14,1,1.0,1.0,55.0,1.0,5.0,3.0,1.0,9,2017-12-08 18:30:00
2,1,1.0,13,4,3.0,2.0,24.0,2.0,2.0,2.0,1.0,31,2015-10-14 06:50:00
3,1,1.0,10,1,1.0,1.0,40.0,1.0,2.0,2.0,1.0,31,2015-03-21 16:10:00
3,1,1.0,16,7,1.0,1.0,41.0,1.0,1.0,3.0,1.0,31,2016-01-10 15:15:00
3,1,1.0,13,1,1.0,1.0,21.0,1.0,1.0,3.0,1.0,31,2016-09-06 13:15:00
3,1,1.0,13,2,1.0,1.0,80.0,1.0,1.0,3.0,1.0,31,2018-07-20 18:20:00
3,1,1.0,12,1,1.0,1.0,53.0,1.0,6.0,3.0,1.0,31,2019-07-25 14:58:00
2,1,1.0,8,1,5.0,2.0,19.0,1.0,13.0,0.0,1.0,31,2019-12-05 17:40:00
2,1,1.0,8,1,1.0,1.0,53.0,1.0,5.0,2.0,1.0,13,2016-10-18 06:15:00
3,1,1.0,10,1,1.0,1.0,56.0,1.0,5.0,3.0,1.0,51,2020-10-08 18:01:00
2,1,1.0,4,1,5.0,2.0,43.0,2.0,13.0,0.0,1.0,13,2019-03-22 14:35:00
3,1,1.0,10,1,1.0,1.0,60.0,1.0,1.0,3.0,1.0,31,2018-09-04 17:05:00
3,1,1.0,10,1,1.0,1.0,51.0,2.0,5.0,3.0,1.0,13,2018-12-26 18:50:00
2,4,0.0,10,1,1.0,1.0,22.0,1.0,2.0,2.0,1.0,29,2015-11-26 20:30:00
2,1,1.0,10,2,1.0,1.0,39.0,1.0,5.0,3.0,1.0,14,2020-11-29 07:20:00
2,1,1.0,14,2,1.0,1.0,37.0,1.0,10.0,3.0,1.0,22,2018-06-06 06:25:00
3,1,1.0,2,1,1.0,1.0,22.0,2.0,1.0,2.0,1.0,31,2019-11-29 23:20:00
3,1,1.0,12,2,1.0,1.0,44.0,1.0,1.0,3.0,1.0,31,2016-09-15 17:30:00
3,1,1.0,16,1,1.0,1.0,33.0,1.0,5.0,3.0,1.0,55,2017-10-03 11:20:00
2,4,0.0,1,1,3.0,2.0,26.0,2.0,2.0,2.0,1.0,28,2018-07-02 07:00:00
3,1,1.0,1,1,1.0,1.0,63.0,1.0,1.0,2.0,1.0,13,2016-10-28 06:20:00
3,1,1.0,5,1,1.0,1.0,43.0,1.0,2.0,2.0,1.0,31,2015-02-02 16:00:00
3,1,1.0,9,1,1.0,1.0,30.0,1.0,1.0,2.0,1.0,31,2020-04-03 13:15:00
3,1,1.0,11,1,1.0,1.0,56.0,1.0,1.0,3.0,1.0,31,2018-09-25 15:45:00
2,1,1.0,9,1,5.0,2.0,48.0,1.0,13.0,0.0,1.0,5,2018-08-27 16:10:00
2,2,0.0,9,2,2.0,2.0,35.0,2.0,10.0,3.0,1.0,102,2018-11-12 07:10:00
2,1,1.0,14,2,3.0,2.0,25.0,2.0,1.0,2.0,1.0,25,2017-08-04 03:29:00
2,1,1.0,10,1,5.0,2.0,33.0,1.0,13.0,0.0,1.0,22,2017-05-06 06:45:00
3,1,1.0,13,1,1.0,1.0,55.0,1.0,1.0,3.0,1.0,31,2019-10-23 20:00:00
3,1,1.0,10,1,2.0,1.0,26.0,1.0,1.0,3.0,1.0,31,2016-06-02 08:10:00
2,1,1.0,8,2,2.0,2.0,39.0,1.0,10.0,3.0,1.0,8,2018-11-08 20:06:00
3,1,1.0,16,2,1.0,1.0,39.0,1.0,5.0,3.0,1.0,13,2015-03-19 10:45:00
3,1,1.0,10,1,1.0,1.0,43.0,1.0,1.0,3.0,1.0,33,2017-12-22 14:20:00
2,1,1.0,8,1,1.0,2.0,59.0,1.0,1.0,3.0,1.0,26,2017-03-02 14:55:00
2,1,1.0,4,1,4.0,2.0,26.0,2.0,1.0,3.0,1.0,69,2018-02-21 07:46:00
3,1,1.0,10,1,1.0,1.0,33.0,1.0,1.0,3.0,1.0,53,2016-05-03 19:00:00
3,1,1.0,10,1,1.0,1.0,28.0,1.0,2.0,2.0,1.0,31,2018-07-30 19:10:00
3,1,1.0,8,1,1.0,1.0,56.0,1.0,5.0,3.0,1.0,53,2018-06-08 07:30:00
3,1,1.0,11,1,1.0,1.0,47.0,1.0,1.0,3.0,1.0,22,2016-07-06 10:45:00
